X_Coord_m,Z_Coord_m,Std_Wenner_Apparent_Resistivity_Ohmm,PseudoDipole_Apparent_Resistivity_Ohmm,Relative_Error
-153.75,-3.75,211.24,219.575,0.039457
-151.25,-3.75,212.002,210.343,0.007825
-148.75,-3.75,208.002,206.686,0.006327
-146.25,-3.75,217.66,220.942,0.015079
-143.75,-3.75,194.951,199.968,0.025735
-141.25,-3.75,221.795,225.091,0.014861
-138.75,-3.75,202.674,211,0.041081
-136.25,-3.75,208.675,216.4,0.037019
-133.75,-3.75,215.579,222.433,0.031793
-131.25,-3.75,205.015,204.725,0.001415
-128.75,-3.75,217.525,209.261,0.037991
-126.25,-3.75,212.162,208.905,0.015351
-123.75,-3.75,217.728,218.497,0.003532
-121.25,-3.75,214.862,224.585,0.045252
-118.75,-3.75,215.178,221.219,0.028074
-116.25,-3.75,206.13,208.794,0.012924
-113.75,-3.75,218.818,213.18,0.025766
-111.25,-3.75,205.709,205.097,0.002975
-108.75,-3.75,217.531,216.771,0.003494
-106.25,-3.75,215.569,207.546,0.037218
-103.75,-3.75,206.706,210.48,0.018258
-101.25,-3.75,217.171,219.937,0.012737
-98.75,-3.75,204.729,204.893,0.000801
-96.25,-3.75,217.15,207.41,0.044854
-93.75,-3.75,202.888,195.686,0.035497
-91.25,-3.75,221.079,228.413,0.033174
-88.75,-3.75,205.261,204.211,0.005115
-86.25,-3.75,217.335,217.392,0.000262
-83.75,-3.75,215.478,217.121,0.007625
-81.25,-3.75,206.695,197.443,0.044762
-78.75,-3.75,217.232,213.233,0.018409
-76.25,-3.75,206.352,216.909,0.05116
-73.75,-3.75,215.316,222.208,0.032009
-71.25,-3.75,213.73,215.063,0.006237
-68.75,-3.75,217.232,212.728,0.020734
-66.25,-3.75,212.105,210.031,0.009778
-63.75,-3.75,217.544,208.638,0.040939
-61.25,-3.75,215.449,221.539,0.028267
-58.75,-3.75,206.562,212.53,0.028892
-56.25,-3.75,216.999,220.175,0.014636
-53.75,-3.75,204.537,198.296,0.030513
-51.25,-3.75,216.979,219.511,0.011669
-48.75,-3.75,202.721,201.678,0.005145
-46.25,-3.75,220.918,220.19,0.003295
-43.75,-3.75,205.105,196.923,0.039892
-41.25,-3.75,217.175,206.337,0.049904
-38.75,-3.75,215.306,213.632,0.007775
-36.25,-3.75,206.505,213.162,0.032237
-33.75,-3.75,217.014,221.017,0.018446
-31.25,-3.75,206.094,202.194,0.018923
-28.75,-3.75,215.007,216.618,0.007493
-26.25,-3.75,213.351,209.661,0.017295
-23.75,-3.75,216.711,221.438,0.021812
-21.25,-3.75,211.99,214.741,0.012977
-18.75,-3.75,208.445,205.218,0.015481
-16.25,-3.75,216.07,218.027,0.009057
-13.75,-3.75,205.135,198.015,0.034709
-11.25,-3.75,213.948,214.108,0.000748
-8.75,-3.75,212.428,215.167,0.012894
-6.25,-3.75,204.576,210.236,0.027667
-3.75,-3.75,215.39,217.624,0.010372
-1.25,-3.75,193.562,191.872,0.008731
1.25,-3.75,207.731,210.463,0.013152
3.75,-3.75,196.429,192.204,0.021509
6.25,-3.75,206.868,209.335,0.011925
8.75,-3.75,201.273,201.295,0.000109
11.25,-3.75,215.038,211.36,0.017104
13.75,-3.75,202.046,208.367,0.031285
16.25,-3.75,216.552,215.844,0.003269
18.75,-3.75,200.532,207.91,0.036792
21.25,-3.75,206.078,201.494,0.022244
23.75,-3.75,214.86,213.228,0.007596
26.25,-3.75,204.002,200.264,0.018323
28.75,-3.75,206.851,197.547,0.044979
31.25,-3.75,214.785,220.952,0.028712
33.75,-3.75,202.838,202.101,0.003633
36.25,-3.75,215.414,213.991,0.006606
38.75,-3.75,210.519,204.568,0.028268
41.25,-3.75,207.178,201.929,0.025336
43.75,-3.75,214.876,210.897,0.018518
46.25,-3.75,203.895,208.677,0.023453
48.75,-3.75,215.18,211.398,0.017576
51.25,-3.75,209.122,215.04,0.028299
53.75,-3.75,205.72,206.898,0.005726
56.25,-3.75,214.675,219.735,0.023571
58.75,-3.75,203.721,201.23,0.012228
61.25,-3.75,205.698,205.42,0.001351
63.75,-3.75,215.473,215.046,0.001982
66.25,-3.75,199.934,195.405,0.022652
68.75,-3.75,205.329,206.018,0.003356
71.25,-3.75,213.264,211.521,0.008173
73.75,-3.75,202.872,207.303,0.021841
76.25,-3.75,215.516,224.897,0.043528
78.75,-3.75,210.173,213.099,0.013922
81.25,-3.75,215.798,220.328,0.020992
83.75,-3.75,213.801,214.638,0.003915
86.25,-3.75,202.379,203.4,0.005045
88.75,-3.75,218.148,217.505,0.002948
91.25,-3.75,200.985,202.07,0.005398
93.75,-3.75,215.624,219.315,0.017118
96.25,-3.75,212.869,208.781,0.019204
98.75,-3.75,205.908,200.062,0.028391
101.25,-3.75,205.767,208.918,0.015313
103.75,-3.75,206.841,207.767,0.004477
106.25,-3.75,203.056,201.445,0.007934
108.75,-3.75,215.305,206.568,0.04058
111.25,-3.75,200.853,201.032,0.000891
113.75,-3.75,216.142,206.842,0.043027
116.25,-3.75,195.326,195.149,0.000906
118.75,-3.75,215.698,217.502,0.008364
121.25,-3.75,193.391,191.337,0.010621
123.75,-3.75,207.107,204.082,0.014606
126.25,-3.75,207.537,204,0.017043
128.75,-3.75,192.681,188.025,0.024164
131.25,-3.75,216.26,206.6,0.044668
133.75,-3.75,195.896,187.585,0.042426
136.25,-3.75,213.528,210.191,0.015628
138.75,-3.75,204.779,204.24,0.002632
141.25,-3.75,211.861,201.034,0.051104
143.75,-3.75,215.053,207.779,0.033824
146.25,-3.75,200.911,218.934,0.089706
148.75,-3.75,215.914,193.117,0.105584
151.25,-3.75,193.956,218.812,0.128153
-150,-7.5,210.937,210.259,0.003214
-147.5,-7.5,213.211,210.827,0.011181
-145,-7.5,213.671,209.301,0.020452
-142.5,-7.5,214.103,208.059,0.028229
-140,-7.5,211.81,211.071,0.003489
-137.5,-7.5,211.783,212.367,0.002758
-135,-7.5,212.739,206.788,0.027973
-132.5,-7.5,217.739,220.703,0.013613
-130,-7.5,213.053,209.226,0.017963
-127.5,-7.5,212.409,216.857,0.020941
-125,-7.5,213.551,213.065,0.002276
-122.5,-7.5,215.734,212.781,0.013688
-120,-7.5,213.815,215.272,0.006814
-117.5,-7.5,213.06,211.766,0.006073
-115,-7.5,214.105,222.014,0.03694
-112.5,-7.5,213.58,218.992,0.025339
-110,-7.5,212.821,222.407,0.045043
-107.5,-7.5,211.848,212.166,0.001501
-105,-7.5,213.519,205.748,0.036395
-102.5,-7.5,213.601,216.278,0.012533
-100,-7.5,215.335,217.221,0.008758
-97.5,-7.5,211.431,203.219,0.03884
-95,-7.5,211.22,211,0.001042
-92.5,-7.5,213.569,205.321,0.03862
-90,-7.5,214.602,220.576,0.027838
-87.5,-7.5,212.892,211.665,0.005763
-85,-7.5,211.242,213.251,0.00951
-82.5,-7.5,213.097,215.189,0.009817
-80,-7.5,213.44,206.669,0.031723
-77.5,-7.5,213.213,210.935,0.010684
-75,-7.5,211.631,206.689,0.023352
-72.5,-7.5,214.006,219.704,0.026625
-70,-7.5,214.123,217.655,0.016495
-67.5,-7.5,212.301,209.494,0.013222
-65,-7.5,212.585,206.771,0.027349
-62.5,-7.5,212.932,204.243,0.040806
-60,-7.5,212.539,218.462,0.027868
-57.5,-7.5,212.414,209.349,0.014429
-55,-7.5,214.162,213.969,0.000901
-52.5,-7.5,210.196,205.488,0.022398
-50,-7.5,209.984,205.059,0.023454
-47.5,-7.5,212.34,215.651,0.015593
-45,-7.5,213.382,215.575,0.010277
-42.5,-7.5,211.662,212.547,0.004181
-40,-7.5,209.952,223.468,0.064377
-37.5,-7.5,211.684,219.447,0.036673
-35,-7.5,211.836,220.234,0.039644
-32.5,-7.5,211.345,213.364,0.009553
-30,-7.5,209.426,206.267,0.015084
-27.5,-7.5,211.389,203.672,0.036506
-25,-7.5,211.372,215.297,0.018569
-22.5,-7.5,207.323,209.727,0.011595
-20,-7.5,207.137,200.082,0.03406
-17.5,-7.5,209.418,208.791,0.002994
-15,-7.5,207.53,206.659,0.004197
-12.5,-7.5,204.011,196.111,0.038723
-10,-7.5,203.351,201.854,0.007362
-7.5,-7.5,203.878,201.416,0.012076
-5,-7.5,202.226,200.565,0.008214
-2.5,-7.5,198.817,194.394,0.022247
0,-7.5,198.896,207.128,0.041388
2.5,-7.5,201.724,193.959,0.038493
5,-7.5,202.671,203.232,0.002768
7.5,-7.5,197.431,201.58,0.021015
10,-7.5,196.556,200.6,0.020574
12.5,-7.5,200.138,197.371,0.013825
15,-7.5,204.235,204.547,0.001528
17.5,-7.5,198.872,194.781,0.020571
20,-7.5,197.704,197.157,0.002767
22.5,-7.5,201.031,198.134,0.014411
25,-7.5,200.725,204.313,0.017875
27.5,-7.5,197.948,200.808,0.014448
30,-7.5,199.684,202.97,0.016456
32.5,-7.5,202.688,200.265,0.011954
35,-7.5,199.863,195.933,0.019663
37.5,-7.5,197.413,203.664,0.031665
40,-7.5,198.81,204.961,0.030939
42.5,-7.5,201.376,199.718,0.008233
45,-7.5,201.322,199.327,0.009909
47.5,-7.5,199.321,200.204,0.00443
50,-7.5,196.007,187.516,0.04332
52.5,-7.5,196.846,202.938,0.030948
55,-7.5,199.366,197.897,0.007368
57.5,-7.5,198.57,199.613,0.005253
60,-7.5,197.21,199.218,0.010182
62.5,-7.5,199.937,199.662,0.001375
65,-7.5,196.875,199.678,0.014237
67.5,-7.5,195.746,198.12,0.012128
70,-7.5,199.622,198.546,0.00539
72.5,-7.5,203.897,198.807,0.024964
75,-7.5,199.488,193.717,0.028929
77.5,-7.5,199.102,193.786,0.0267
80,-7.5,201.115,197.444,0.018253
82.5,-7.5,200.778,195.061,0.028474
85,-7.5,201.497,202.899,0.006958
87.5,-7.5,201.839,195.27,0.032546
90,-7.5,201.147,200.247,0.004474
92.5,-7.5,199.145,197.421,0.008657
95,-7.5,199.611,200.565,0.004779
97.5,-7.5,200.755,198.917,0.009155
100,-7.5,199.979,198.218,0.008806
102.5,-7.5,201.241,199.483,0.008736
105,-7.5,201.638,200.305,0.006611
107.5,-7.5,199.625,193.648,0.029941
110,-7.5,198.377,199.421,0.005263
112.5,-7.5,200.737,202.047,0.006526
115,-7.5,203.017,197.203,0.028638
117.5,-7.5,200.845,197.395,0.017177
120,-7.5,196.766,196.386,0.001931
122.5,-7.5,200.686,201.12,0.002163
125,-7.5,202.347,205.586,0.016007
127.5,-7.5,199.923,199.96,0.000185
130,-7.5,198.085,201.61,0.017795
132.5,-7.5,200.369,203.7,0.016624
135,-7.5,202.357,201.557,0.003953
137.5,-7.5,200.367,196.051,0.02154
140,-7.5,203.447,196.933,0.032018
142.5,-7.5,200.419,200.647,0.001138
145,-7.5,199.593,204.019,0.022175
147.5,-7.5,199.832,191.058,0.043907
-146.25,-11.25,232.315,233.701,0.005966
-143.75,-11.25,233.589,231.847,0.007458
-141.25,-11.25,232.309,229.18,0.013469
-138.75,-11.25,232.879,225.791,0.030436
-136.25,-11.25,233.567,229.977,0.01537
-133.75,-11.25,233.869,234.915,0.004473
-131.25,-11.25,233.624,226.663,0.029796
-128.75,-11.25,233.199,240.629,0.031861
-126.25,-11.25,232.475,233.809,0.005738
-123.75,-11.25,232.793,226.544,0.026844
-121.25,-11.25,233.658,237.35,0.015801
-118.75,-11.25,233.344,237.902,0.019533
-116.25,-11.25,233.047,224.725,0.03571
-113.75,-11.25,232.082,233.801,0.007407
-111.25,-11.25,232.036,238.283,0.026923
-108.75,-11.25,232.235,233.001,0.003298
-106.25,-11.25,232.768,238.693,0.025455
-103.75,-11.25,233.528,229.496,0.017266
-101.25,-11.25,233.157,235.6,0.010478
-98.75,-11.25,232.499,226.579,0.025462
-96.25,-11.25,231.41,227.303,0.017748
-93.75,-11.25,231.48,236.846,0.023181
-91.25,-11.25,231.47,224.541,0.029935
-88.75,-11.25,232.166,225.181,0.030086
-86.25,-11.25,231.868,229.571,0.009906
-83.75,-11.25,231.9,229.436,0.010625
-81.25,-11.25,231.362,220.099,0.048681
-78.75,-11.25,231.07,225.491,0.024144
-76.25,-11.25,231.296,230.395,0.003895
-73.75,-11.25,230.971,229.643,0.00575
-71.25,-11.25,230.546,226.796,0.016266
-68.75,-11.25,230.142,239.387,0.040171
-66.25,-11.25,229.58,237.348,0.033836
-63.75,-11.25,229.075,236.551,0.032636
-61.25,-11.25,229.829,231.994,0.00942
-58.75,-11.25,230.641,234.51,0.016775
-56.25,-11.25,229.655,233.004,0.014583
-53.75,-11.25,228.868,233,0.018054
-51.25,-11.25,227.753,218.769,0.039446
-48.75,-11.25,227.741,232.572,0.021213
-46.25,-11.25,227.664,225.557,0.009255
-43.75,-11.25,228.261,228.9,0.002799
-41.25,-11.25,227.772,227.101,0.002946
-38.75,-11.25,227.465,225.824,0.007214
-36.25,-11.25,226.396,221.833,0.020155
-33.75,-11.25,225.392,230.937,0.024602
-31.25,-11.25,224.788,213.221,0.051457
-28.75,-11.25,223.82,219.013,0.021477
-26.25,-11.25,222.136,225.049,0.013114
-23.75,-11.25,220.475,219.538,0.00425
-21.25,-11.25,219.14,219.744,0.002756
-18.75,-11.25,217.12,220.874,0.01729
-16.25,-11.25,215.516,214.446,0.004965
-13.75,-11.25,213.971,209.006,0.023204
-11.25,-11.25,211.68,213.528,0.00873
-8.75,-11.25,208.152,215.279,0.034239
-6.25,-11.25,206.397,204.338,0.009976
-3.75,-11.25,204.573,209.717,0.025145
-1.25,-11.25,203.584,199.433,0.02039
1.25,-11.25,204.086,200.253,0.018781
3.75,-11.25,204.555,205.444,0.004346
6.25,-11.25,201.959,204.232,0.011255
8.75,-11.25,201.703,207.321,0.027853
11.25,-11.25,201.614,201.877,0.001304
13.75,-11.25,201.083,202.045,0.004784
16.25,-11.25,200.59,198.859,0.00863
18.75,-11.25,200.501,204.938,0.02213
21.25,-11.25,198.914,200.602,0.008486
23.75,-11.25,198.601,198.854,0.001274
26.25,-11.25,199.143,194.325,0.024194
28.75,-11.25,199.066,197.255,0.009097
31.25,-11.25,198.202,196.644,0.007861
33.75,-11.25,197.471,200.318,0.014417
36.25,-11.25,196.427,200.85,0.022517
38.75,-11.25,195.771,193.753,0.010308
41.25,-11.25,196.105,198.894,0.014222
43.75,-11.25,196.524,194.111,0.012278
46.25,-11.25,195.39,193.132,0.011556
48.75,-11.25,193.028,193.871,0.004367
51.25,-11.25,191.306,191.192,0.000596
53.75,-11.25,191.192,194.834,0.019049
56.25,-11.25,193.036,197.082,0.02096
58.75,-11.25,195.284,191.126,0.021292
61.25,-11.25,194.661,198.728,0.020893
63.75,-11.25,192.979,194.915,0.010032
66.25,-11.25,193.785,198.912,0.026457
68.75,-11.25,195.668,197.684,0.010303
71.25,-11.25,197.484,200.553,0.01554
73.75,-11.25,198.827,194.028,0.024137
76.25,-11.25,198.184,199.065,0.004445
78.75,-11.25,196.426,194.205,0.011307
81.25,-11.25,197.54,199.201,0.008408
83.75,-11.25,198.709,195.815,0.014564
86.25,-11.25,198.906,199.229,0.001624
88.75,-11.25,198.391,196.205,0.011019
91.25,-11.25,198.576,191.605,0.035105
93.75,-11.25,198.501,195.365,0.015798
96.25,-11.25,199.349,197.162,0.010971
98.75,-11.25,199.752,196.977,0.013892
101.25,-11.25,201.054,198.229,0.014051
103.75,-11.25,200.516,205.556,0.025135
106.25,-11.25,200.016,199.519,0.002485
108.75,-11.25,200.014,195.531,0.022413
111.25,-11.25,200.934,195.932,0.024894
113.75,-11.25,200.395,199.812,0.002909
116.25,-11.25,202.065,199.065,0.014847
118.75,-11.25,201.984,198.521,0.017145
121.25,-11.25,202.031,198.687,0.016552
123.75,-11.25,202.515,198.439,0.020127
126.25,-11.25,202.649,202.505,0.000711
128.75,-11.25,201.778,201.985,0.001026
131.25,-11.25,201.334,200.695,0.003174
133.75,-11.25,201.778,203.533,0.008698
136.25,-11.25,202.546,204.086,0.007603
138.75,-11.25,203.083,204.981,0.009346
141.25,-11.25,201.688,199.073,0.012966
143.75,-11.25,201.341,184.564,0.083326
-142.5,-15,257.52,260.256,0.010624
-140,-15,257.996,258.954,0.003713
-137.5,-15,258.554,264.117,0.021516
-135,-15,258.29,261.165,0.011131
-132.5,-15,258.479,260.265,0.00691
-130,-15,258.751,251.133,0.029441
-127.5,-15,258.524,260.82,0.008881
-125,-15,258.843,253.789,0.019525
-122.5,-15,258.066,258.562,0.001922
-120,-15,258.402,266.905,0.032906
-117.5,-15,258.4,256.417,0.007674
-115,-15,257.739,264.827,0.027501
-112.5,-15,257.426,265.651,0.031951
-110,-15,257.501,253.308,0.016283
-107.5,-15,258.335,258.61,0.001065
-105,-15,258.317,259.369,0.004073
-102.5,-15,257.783,252.724,0.019625
-100,-15,257.401,258.836,0.005575
-97.5,-15,257.096,253.703,0.013197
-95,-15,256.481,263.251,0.026396
-92.5,-15,255.698,256.013,0.001232
-90,-15,255.568,249.762,0.022718
-87.5,-15,256.171,262.224,0.023629
-85,-15,256.182,263.421,0.028257
-82.5,-15,255.845,260.087,0.01658
-80,-15,255.373,253.276,0.008212
-77.5,-15,254.985,249.014,0.023417
-75,-15,254.843,259.914,0.019899
-72.5,-15,254.049,253.123,0.003645
-70,-15,253.077,253.957,0.003477
-67.5,-15,252.537,250.416,0.008399
-65,-15,252.278,251.724,0.002196
-62.5,-15,252.349,240.079,0.048623
-60,-15,251.69,255.59,0.015495
-57.5,-15,250.893,253.795,0.011567
-55,-15,250.132,254.622,0.017951
-52.5,-15,249.379,249.868,0.001961
-50,-15,248.56,245.566,0.012045
-47.5,-15,247.594,248.409,0.003292
-45,-15,247.123,259.077,0.048373
-42.5,-15,247.224,243.605,0.014639
-40,-15,246.486,249.605,0.012654
-37.5,-15,245.131,245.254,0.000502
-35,-15,243.426,238.633,0.01969
-32.5,-15,241.88,234.959,0.028613
-30,-15,240.356,243.274,0.01214
-27.5,-15,238.05,233.934,0.01729
-25,-15,235.717,230.747,0.021085
-22.5,-15,233.787,238.159,0.018701
-20,-15,231.484,240.106,0.037247
-17.5,-15,228.351,226.887,0.006411
-15,-15,225.144,220.699,0.019743
-12.5,-15,221.441,214.962,0.029258
-10,-15,217.554,220.907,0.015412
-7.5,-15,214.363,208.936,0.025317
-5,-15,210.546,209.977,0.002702
-2.5,-15,208.288,211.694,0.016352
0,-15,206.944,216.278,0.045104
2.5,-15,205.566,207.155,0.00773
5,-15,204.35,210.444,0.029821
7.5,-15,203.221,197.59,0.027709
10,-15,201.79,202.088,0.001477
12.5,-15,201.231,201.144,0.000432
15,-15,199.283,199.063,0.001104
17.5,-15,198.034,197.838,0.00099
20,-15,197.281,198.309,0.005211
22.5,-15,196.097,198.786,0.013713
25,-15,195.242,194.688,0.002838
27.5,-15,194.822,197.104,0.011713
30,-15,193.896,198.019,0.021264
32.5,-15,193.171,194.772,0.008288
35,-15,191.85,191.674,0.000917
37.5,-15,191.632,195.651,0.020972
40,-15,191.07,192.319,0.006537
42.5,-15,189.047,191.639,0.013711
45,-15,187.617,188.244,0.003342
47.5,-15,185.371,188.586,0.017344
50,-15,183.486,185.701,0.012072
52.5,-15,182.832,183.811,0.005355
55,-15,182.494,181.804,0.003781
57.5,-15,183.646,185.182,0.008364
60,-15,184.818,181.274,0.019176
62.5,-15,184.796,182.155,0.014291
65,-15,186.689,188.926,0.011982
67.5,-15,187.819,186.299,0.008093
70,-15,189.221,186.707,0.013286
72.5,-15,191.463,192.573,0.005797
75,-15,192.123,194.364,0.011664
77.5,-15,192.729,196.273,0.018389
80,-15,192.684,190.482,0.011428
82.5,-15,192.402,188.798,0.018732
85,-15,193.362,198.946,0.028878
87.5,-15,193.587,193.413,0.000899
90,-15,194.306,196.377,0.010658
92.5,-15,195.021,190.358,0.02391
95,-15,195.473,193.969,0.007694
97.5,-15,196.921,195.953,0.004916
100,-15,197.578,200.36,0.014081
102.5,-15,198.01,196.257,0.008853
105,-15,198.461,197.157,0.006571
107.5,-15,198.306,200.709,0.012118
110,-15,198.582,197.906,0.003404
112.5,-15,198.464,199.654,0.005996
115,-15,199.769,199.102,0.003339
117.5,-15,200.395,195.529,0.024282
120,-15,200.738,199.056,0.008379
122.5,-15,201.066,199.583,0.007376
125,-15,200.53,202.338,0.009016
127.5,-15,200.713,196.92,0.018898
130,-15,200.389,195.579,0.024003
132.5,-15,200.775,196.925,0.019176
135,-15,201.386,204.139,0.01367
137.5,-15,200.963,189.165,0.058707
140,-15,200.98,199.527,0.00723
-138.75,-18.75,286.343,282.556,0.013225
-136.25,-18.75,286.602,285.086,0.00529
-133.75,-18.75,286.926,287.32,0.001373
-131.25,-18.75,286.955,283.479,0.012113
-128.75,-18.75,287.185,280.518,0.023215
-126.25,-18.75,287.02,285.458,0.005442
-123.75,-18.75,286.791,283.591,0.011158
-121.25,-18.75,287.179,286.254,0.003221
-118.75,-18.75,286.811,290.243,0.011966
-116.25,-18.75,286.352,278.518,0.027358
-113.75,-18.75,286.232,295.193,0.031307
-111.25,-18.75,286.334,288.777,0.008532
-108.75,-18.75,286.485,289.481,0.010458
-106.25,-18.75,286.187,283.754,0.008501
-103.75,-18.75,285.7,281.578,0.014428
-101.25,-18.75,285.233,279.95,0.018522
-98.75,-18.75,284.824,288.437,0.012685
-96.25,-18.75,284.509,278.797,0.020077
-93.75,-18.75,283.749,276.894,0.024159
-91.25,-18.75,283.012,287.486,0.015809
-88.75,-18.75,282.727,284.45,0.006094
-86.25,-18.75,282.902,285.797,0.010233
-83.75,-18.75,282.797,278.028,0.016864
-81.25,-18.75,282.19,288.964,0.024005
-78.75,-18.75,281.605,277.348,0.015117
-76.25,-18.75,281.246,278.876,0.008427
-73.75,-18.75,280.605,284.688,0.014551
-71.25,-18.75,279.557,283.628,0.014562
-68.75,-18.75,278.485,284.822,0.022755
-66.25,-18.75,277.788,277.515,0.000983
-63.75,-18.75,276.903,280.873,0.014337
-61.25,-18.75,275.822,277.041,0.00442
-58.75,-18.75,274.505,265.853,0.031519
-56.25,-18.75,273.143,269.513,0.01329
-53.75,-18.75,272.092,261.985,0.037146
-51.25,-18.75,271.056,266.621,0.016362
-48.75,-18.75,269.574,269.548,9.6e-05
-46.25,-18.75,268.115,271.383,0.012189
-43.75,-18.75,266.874,261.575,0.019856
-41.25,-18.75,265.753,270.558,0.018081
-38.75,-18.75,264.1,255.353,0.03312
-36.25,-18.75,261.945,273.554,0.044318
-33.75,-18.75,259.7,253.153,0.02521
-31.25,-18.75,257.642,257.34,0.001172
-28.75,-18.75,255.556,242.53,0.050971
-26.25,-18.75,253.121,245.069,0.031811
-23.75,-18.75,250.452,249.412,0.004152
-21.25,-18.75,247.431,255.233,0.031532
-18.75,-18.75,243.657,240.83,0.011602
-16.25,-18.75,239.211,246.076,0.028699
-13.75,-18.75,234.491,238.367,0.016529
-11.25,-18.75,229.626,233.569,0.017171
-8.75,-18.75,224.928,224.67,0.001147
-6.25,-18.75,220.172,221.532,0.006177
-3.75,-18.75,215.982,222.38,0.029623
-1.25,-18.75,212.529,216.7,0.019626
1.25,-18.75,209.966,216.411,0.030695
3.75,-18.75,207.317,206.066,0.006034
6.25,-18.75,204.72,203.907,0.003971
8.75,-18.75,202.391,202.246,0.000716
11.25,-18.75,200.5,196.148,0.021706
13.75,-18.75,198.388,197.523,0.00436
16.25,-18.75,196.428,194.07,0.012004
18.75,-18.75,194.29,199.408,0.026342
21.25,-18.75,192.302,196.578,0.022236
23.75,-18.75,190.968,196.505,0.028994
26.25,-18.75,189.889,185.349,0.023909
28.75,-18.75,188.526,187.971,0.002944
31.25,-18.75,187.393,184.369,0.016137
33.75,-18.75,186.666,186.866,0.001071
36.25,-18.75,186.131,193.021,0.037017
38.75,-18.75,184.293,190.08,0.031401
41.25,-18.75,182.007,177.848,0.022851
43.75,-18.75,179.615,180.878,0.007032
46.25,-18.75,176.883,174.984,0.010736
48.75,-18.75,174.732,175.005,0.001562
51.25,-18.75,172.964,174.718,0.010141
53.75,-18.75,171.48,173.736,0.013156
56.25,-18.75,171.424,174.984,0.020767
58.75,-18.75,172.331,172.531,0.001161
61.25,-18.75,173.858,177.6,0.021523
63.75,-18.75,175.894,170.151,0.03265
66.25,-18.75,178.039,172.493,0.03115
68.75,-18.75,180.398,179.987,0.002278
71.25,-18.75,182.148,182.993,0.004639
73.75,-18.75,183.806,184.601,0.004325
76.25,-18.75,184.887,189.072,0.022635
78.75,-18.75,185.457,190.882,0.029252
81.25,-18.75,186.348,182.626,0.019973
83.75,-18.75,186.807,186.489,0.001702
86.25,-18.75,186.968,182.41,0.024379
88.75,-18.75,187.724,193.421,0.030348
91.25,-18.75,188.901,188.778,0.000651
93.75,-18.75,190.773,187.259,0.01842
96.25,-18.75,191.969,190.92,0.005464
98.75,-18.75,192.9,190.971,0.01
101.25,-18.75,193.697,199.215,0.028488
103.75,-18.75,194.569,195.68,0.00571
106.25,-18.75,195.092,191.596,0.01792
108.75,-18.75,195.817,194.655,0.005934
111.25,-18.75,196.497,195.574,0.004697
113.75,-18.75,197.01,196.509,0.002543
116.25,-18.75,197.121,193.722,0.017243
118.75,-18.75,197.981,194.276,0.018714
121.25,-18.75,198.461,195.53,0.014769
123.75,-18.75,198.417,197.466,0.004793
126.25,-18.75,198.731,202.994,0.021451
128.75,-18.75,199.065,193.03,0.030317
131.25,-18.75,198.785,192.413,0.032055
133.75,-18.75,198.715,199.078,0.001827
136.25,-18.75,199.397,172.423,0.135278
-135,-22.5,316.843,313.886,0.009333
-132.5,-22.5,316.819,317.761,0.002973
-130,-22.5,316.845,315.75,0.003456
-127.5,-22.5,316.878,324.986,0.025587
-125,-22.5,316.929,315.158,0.005588
-122.5,-22.5,316.962,322.709,0.018132
-120,-22.5,316.831,312.886,0.012451
-117.5,-22.5,316.775,310.35,0.020283
-115,-22.5,316.456,318.229,0.005603
-112.5,-22.5,316.231,321.615,0.017026
-110,-22.5,315.922,313.769,0.006815
-107.5,-22.5,315.526,308.151,0.023374
-105,-22.5,315.163,309.545,0.017826
-102.5,-22.5,314.627,310.501,0.013114
-100,-22.5,313.934,311.564,0.007549
-97.5,-22.5,313.222,318.472,0.016761
-95,-22.5,312.482,317.425,0.015819
-92.5,-22.5,311.965,303.746,0.026346
-90,-22.5,311.413,327.083,0.050319
-87.5,-22.5,310.918,309.559,0.004371
-85,-22.5,310.513,312.249,0.005591
-82.5,-22.5,309.953,312.629,0.008634
-80,-22.5,309.507,313.559,0.013092
-77.5,-22.5,308.772,304.168,0.014911
-75,-22.5,307.841,309.402,0.005071
-72.5,-22.5,306.894,307.345,0.00147
-70,-22.5,305.883,297.582,0.027138
-67.5,-22.5,304.411,305.507,0.0036
-65,-22.5,302.679,300.073,0.00861
-62.5,-22.5,300.821,294.341,0.021541
-60,-22.5,298.998,292.628,0.021304
-57.5,-22.5,297.385,294.188,0.01075
-55,-22.5,295.457,290.602,0.016432
-52.5,-22.5,293.35,291.661,0.005758
-50,-22.5,291.278,284.101,0.02464
-47.5,-22.5,289.166,293.816,0.016081
-45,-22.5,286.85,281.839,0.017469
-42.5,-22.5,284.51,281.789,0.009564
-40,-22.5,282.287,295.98,0.048507
-37.5,-22.5,279.848,274.278,0.019904
-35,-22.5,277.559,281.217,0.013179
-32.5,-22.5,275.315,265.236,0.036609
-30,-22.5,273.132,261.962,0.040896
-27.5,-22.5,270.827,276.704,0.0217
-25,-22.5,268.202,275.551,0.027401
-22.5,-22.5,264.702,258.228,0.024458
-20,-22.5,260.108,259.115,0.003818
-17.5,-22.5,255.182,262.732,0.029587
-15,-22.5,249.918,245.043,0.019506
-12.5,-22.5,244.075,241.86,0.009075
-10,-22.5,238.226,237.203,0.004294
-7.5,-22.5,232.205,222.765,0.040654
-5,-22.5,226.673,232.64,0.026324
-2.5,-22.5,221.95,217.274,0.021068
0,-22.5,217.612,216.585,0.004719
2.5,-22.5,213.055,217.226,0.019577
5,-22.5,209.304,210.511,0.005767
7.5,-22.5,205.829,203.204,0.012753
10,-22.5,202.143,201.046,0.005427
12.5,-22.5,198.576,202.012,0.017303
15,-22.5,195.673,202.453,0.03465
17.5,-22.5,192.789,191.944,0.004383
20,-22.5,190.191,191.916,0.00907
22.5,-22.5,187.733,192.184,0.023709
25,-22.5,185.621,179.364,0.033708
27.5,-22.5,184.303,186.958,0.014406
30,-22.5,183.46,181.875,0.008639
32.5,-22.5,181.919,182.594,0.00371
35,-22.5,180.316,178.005,0.012816
37.5,-22.5,178.497,176.096,0.013451
40,-22.5,176.136,180.435,0.024407
42.5,-22.5,173.375,170.844,0.014598
45,-22.5,170.355,171.991,0.009603
47.5,-22.5,167.337,171.902,0.02728
50,-22.5,164.509,166.478,0.011969
52.5,-22.5,162.55,161.587,0.005924
55,-22.5,161.792,161.811,0.000117
57.5,-22.5,162.07,157.394,0.028852
60,-22.5,163.137,162.597,0.00331
62.5,-22.5,165.5,165.043,0.002761
65,-22.5,168.325,167.287,0.006167
67.5,-22.5,170.889,168.889,0.011704
70,-22.5,173.233,173.37,0.000791
72.5,-22.5,175.37,174.655,0.004077
75,-22.5,177.153,176.29,0.004871
77.5,-22.5,178.433,183.606,0.028991
80,-22.5,179.258,177.091,0.012089
82.5,-22.5,179.885,179.91,0.000139
85,-22.5,180.554,181.801,0.006907
87.5,-22.5,181.644,183.456,0.009976
90,-22.5,182.634,183.79,0.00633
92.5,-22.5,184.245,181.61,0.014302
95,-22.5,186.037,184.094,0.010444
97.5,-22.5,187.643,186.437,0.006427
100,-22.5,189.066,192.886,0.020205
102.5,-22.5,190.027,188.183,0.009704
105,-22.5,191.186,191.325,0.000727
107.5,-22.5,192.695,192.023,0.003487
110,-22.5,193.803,191.318,0.012822
112.5,-22.5,194.712,195.233,0.002676
115,-22.5,194.926,190.378,0.023332
117.5,-22.5,195.386,194.442,0.004831
120,-22.5,196.345,196.139,0.001049
122.5,-22.5,196.859,194.135,0.013837
125,-22.5,197.515,201.397,0.019654
127.5,-22.5,197.78,187.16,0.053696
130,-22.5,197.789,188.433,0.047303
132.5,-22.5,197.735,211.173,0.06796
-131.25,-26.25,346.303,346.919,0.001779
-128.75,-26.25,346.393,343.595,0.008078
-126.25,-26.25,346.428,349.098,0.007707
-123.75,-26.25,346.376,344.094,0.006588
-121.25,-26.25,346.353,350.694,0.012533
-118.75,-26.25,346.246,350.187,0.011382
-116.25,-26.25,345.982,341.624,0.012596
-113.75,-26.25,345.633,347.363,0.005005
-111.25,-26.25,345.036,344.885,0.000438
-108.75,-26.25,344.471,338.72,0.016695
-106.25,-26.25,343.935,335.282,0.025159
-103.75,-26.25,343.334,334.551,0.025582
-101.25,-26.25,342.525,349.736,0.021052
-98.75,-26.25,341.571,348.306,0.019718
-96.25,-26.25,340.638,337.047,0.010542
-93.75,-26.25,339.906,334.688,0.015351
-91.25,-26.25,339.19,337.29,0.005602
-88.75,-26.25,338.589,330.291,0.024508
-86.25,-26.25,337.998,343.591,0.016547
-83.75,-26.25,337.301,347.804,0.031138
-81.25,-26.25,336.561,332.045,0.013418
-78.75,-26.25,335.644,345.106,0.028191
-76.25,-26.25,334.69,343.497,0.026314
-73.75,-26.25,333.503,334.062,0.001676
-71.25,-26.25,332.004,330.817,0.003575
-68.75,-26.25,330.188,333.075,0.008744
-66.25,-26.25,328.074,321.26,0.02077
-63.75,-26.25,325.741,321.003,0.014545
-61.25,-26.25,323.146,315.617,0.023299
-58.75,-26.25,320.544,314.371,0.019258
-56.25,-26.25,317.773,321.958,0.01317
-53.75,-26.25,314.877,312.544,0.007409
-51.25,-26.25,311.696,320.094,0.026943
-48.75,-26.25,308.442,315.736,0.023648
-46.25,-26.25,305.224,315.927,0.035066
-43.75,-26.25,302.162,295.543,0.021905
-41.25,-26.25,299.319,306.233,0.023099
-38.75,-26.25,296.661,296.77,0.000367
-36.25,-26.25,294.381,289.217,0.017542
-33.75,-26.25,292.315,297.295,0.017036
-31.25,-26.25,290.281,292.425,0.007386
-28.75,-26.25,287.898,283.086,0.016714
-26.25,-26.25,285.031,287.038,0.007041
-23.75,-26.25,281.333,288.161,0.02427
-21.25,-26.25,276.869,275.001,0.006747
-18.75,-26.25,271.865,266.149,0.021025
-16.25,-26.25,265.93,267.714,0.006709
-13.75,-26.25,259.401,262.747,0.012899
-11.25,-26.25,252.609,248.392,0.016694
-8.75,-26.25,245.731,249.86,0.016803
-6.25,-26.25,239.116,244.156,0.021078
-3.75,-26.25,232.87,225.198,0.032945
-1.25,-26.25,226.988,233.145,0.027125
1.25,-26.25,221.416,219.963,0.006562
3.75,-26.25,216.323,214.498,0.008436
6.25,-26.25,211.411,209.766,0.007781
8.75,-26.25,206.593,210.144,0.017188
11.25,-26.25,201.565,205.025,0.017166
13.75,-26.25,196.988,189.783,0.036576
16.25,-26.25,193.106,197.849,0.024562
18.75,-26.25,189.542,190.776,0.00651
21.25,-26.25,186.48,178.226,0.044262
23.75,-26.25,184.073,185.115,0.005661
26.25,-26.25,182.092,183.187,0.006013
28.75,-26.25,180.496,179.245,0.006931
31.25,-26.25,178.716,179.532,0.004566
33.75,-26.25,176.71,172.821,0.022008
36.25,-26.25,174.275,178.632,0.025001
38.75,-26.25,171.797,175.889,0.023819
41.25,-26.25,169.112,166.723,0.014127
43.75,-26.25,165.775,167.497,0.010388
46.25,-26.25,162.113,163.389,0.007871
48.75,-26.25,158.948,160.323,0.008651
51.25,-26.25,156.544,158.482,0.01238
53.75,-26.25,155.208,152.562,0.017048
56.25,-26.25,154.718,151.29,0.022156
58.75,-26.25,155.079,152.766,0.014915
61.25,-26.25,157.197,155.088,0.013416
63.75,-26.25,159.901,157.929,0.012333
66.25,-26.25,162.497,161.166,0.008191
68.75,-26.25,165.191,167.384,0.013276
71.25,-26.25,167.567,165.497,0.012353
73.75,-26.25,169.766,165.416,0.025624
76.25,-26.25,171.801,168.802,0.017456
78.75,-26.25,173.206,173.65,0.002563
81.25,-26.25,173.859,174.519,0.003796
83.75,-26.25,174.489,171.211,0.018786
86.25,-26.25,175.505,175.204,0.001715
88.75,-26.25,176.786,176.685,0.000571
91.25,-26.25,178.1,179.178,0.006053
93.75,-26.25,179.468,181.486,0.011244
96.25,-26.25,181.409,183.126,0.009465
98.75,-26.25,183.102,181.653,0.007914
101.25,-26.25,185.068,183.268,0.009726
103.75,-26.25,187.007,190.285,0.017529
106.25,-26.25,188.731,188.075,0.003476
108.75,-26.25,190.169,190.887,0.003776
111.25,-26.25,191.632,190.627,0.005244
113.75,-26.25,192.693,188.333,0.022627
116.25,-26.25,193.56,196.456,0.014962
118.75,-26.25,194.623,193.79,0.00428
121.25,-26.25,195.693,202.785,0.03624
123.75,-26.25,196.403,197.078,0.003437
126.25,-26.25,196.785,220.362,0.119811
128.75,-26.25,197.367,201.291,0.019882
-127.5,-30,373.896,374.376,0.001284
-125,-30,373.937,369.35,0.012267
-122.5,-30,373.892,371.003,0.007727
-120,-30,373.531,375.791,0.00605
-117.5,-30,373.178,370.062,0.00835
-115,-30,372.737,368.623,0.011037
-112.5,-30,372.211,377.832,0.015102
-110,-30,371.636,374.626,0.008046
-107.5,-30,370.694,365.318,0.014503
-105,-30,369.857,365.288,0.012353
-102.5,-30,369.001,372.923,0.010629
-100,-30,367.965,372.604,0.012607
-97.5,-30,366.898,368.751,0.00505
-95,-30,365.899,372.326,0.017565
-92.5,-30,365.029,372.009,0.019122
-90,-30,364.271,358.821,0.014961
-87.5,-30,363.464,376.766,0.036598
-85,-30,362.715,363.868,0.003179
-82.5,-30,361.914,358.75,0.008742
-80,-30,360.864,353.453,0.020537
-77.5,-30,359.632,374.038,0.040058
-75,-30,358.017,372.423,0.040238
-72.5,-30,356.184,353.446,0.007687
-70,-30,354.009,345.822,0.023127
-67.5,-30,351.521,359.235,0.021945
-65,-30,348.687,347.679,0.002891
-62.5,-30,345.506,349.432,0.011363
-60,-30,342.013,340.181,0.005357
-57.5,-30,338.2,343.233,0.014882
-55,-30,334.141,343.485,0.027964
-52.5,-30,329.831,324.667,0.015657
-50,-30,325.633,333.478,0.024092
-47.5,-30,321.665,323.194,0.004753
-45,-30,317.994,323.15,0.016214
-42.5,-30,314.706,317.753,0.009682
-40,-30,312.035,314.789,0.008826
-37.5,-30,309.973,306.708,0.010533
-35,-30,308.016,312.311,0.013944
-32.5,-30,306.003,301.415,0.014993
-30,-30,303.515,297.809,0.0188
-27.5,-30,300.514,299.976,0.00179
-25,-30,296.853,293.598,0.010965
-22.5,-30,292.432,297.649,0.01784
-20,-30,287.228,293.28,0.02107
-17.5,-30,281.344,281.535,0.000679
-15,-30,274.575,272.777,0.006548
-12.5,-30,267.119,271.65,0.016962
-10,-30,259.297,256.708,0.009985
-7.5,-30,251.622,251.637,6e-05
-5,-30,244.214,239.796,0.018091
-2.5,-30,237.06,233.381,0.015519
0,-30,230.231,231.45,0.005295
2.5,-30,223.979,225.688,0.00763
5,-30,218.017,218.389,0.001706
7.5,-30,212.268,210.634,0.007698
10,-30,206.406,212.244,0.028284
12.5,-30,200.837,204.867,0.020066
15,-30,195.775,191.192,0.02341
17.5,-30,191.265,192.416,0.006018
20,-30,187.522,190.102,0.013758
22.5,-30,184.617,183.801,0.00442
25,-30,182.115,180.479,0.008983
27.5,-30,179.748,181.043,0.007205
30,-30,177.296,176.974,0.001816
32.5,-30,174.908,171.528,0.019324
35,-30,172.435,173.998,0.009064
37.5,-30,169.666,168.719,0.005582
40,-30,166.49,169.393,0.017436
42.5,-30,162.909,160.589,0.014241
45,-30,159.25,158.344,0.005689
47.5,-30,155.934,153.308,0.01684
50,-30,153.132,150.857,0.014856
52.5,-30,151.275,150.538,0.004872
55,-30,150.307,147.918,0.015894
57.5,-30,150.066,150.2,0.000893
60,-30,151.202,149.659,0.010205
62.5,-30,153.382,149.712,0.023927
65,-30,155.992,155.653,0.002173
67.5,-30,158.627,156.916,0.010786
70,-30,161.068,157.768,0.020488
72.5,-30,163.379,164.572,0.007302
75,-30,165.596,161.654,0.023805
77.5,-30,167.411,165.045,0.014133
80,-30,168.822,167.832,0.005864
82.5,-30,169.731,171.521,0.010546
85,-30,170.422,167.361,0.017961
87.5,-30,171.098,169.737,0.007955
90,-30,172.152,172.005,0.000854
92.5,-30,173.474,172.043,0.008249
95,-30,174.978,176.074,0.006264
97.5,-30,176.718,181.388,0.026426
100,-30,178.989,180.234,0.006956
102.5,-30,181.298,185.329,0.022234
105,-30,183.532,185.278,0.009513
107.5,-30,185.684,187.06,0.00741
110,-30,187.614,190.354,0.014604
112.5,-30,189.275,186.5,0.014661
115,-30,190.957,197.724,0.035437
117.5,-30,192.65,193.25,0.003114
120,-30,193.899,180.795,0.067582
122.5,-30,195.011,222.285,0.139859
125,-30,195.942,189.506,0.032846
-123.75,-33.75,398.368,394.01,0.01094
-121.25,-33.75,397.883,401.543,0.009199
-118.75,-33.75,397.375,399.705,0.005863
-116.25,-33.75,396.88,392.494,0.011051
-113.75,-33.75,396.348,394.261,0.005266
-111.25,-33.75,395.573,392.959,0.006608
-108.75,-33.75,394.583,389.282,0.013434
-106.25,-33.75,393.648,390.276,0.008566
-103.75,-33.75,392.587,384.96,0.019428
-101.25,-33.75,391.538,390.017,0.003885
-98.75,-33.75,390.329,397.025,0.017155
-96.25,-33.75,389.187,396.787,0.019528
-93.75,-33.75,388.252,383.366,0.012585
-91.25,-33.75,387.398,378.152,0.023867
-88.75,-33.75,386.476,385.373,0.002854
-86.25,-33.75,385.418,384.457,0.002493
-83.75,-33.75,384.461,388.619,0.010815
-81.25,-33.75,383.49,380.05,0.00897
-78.75,-33.75,382.073,373.505,0.022425
-76.25,-33.75,380.047,376.486,0.00937
-73.75,-33.75,377.758,373.466,0.011362
-71.25,-33.75,375.226,370.959,0.011372
-68.75,-33.75,372.421,377.127,0.012636
-66.25,-33.75,369.021,367.268,0.00475
-63.75,-33.75,364.991,375.682,0.029291
-61.25,-33.75,360.726,361.241,0.001428
-58.75,-33.75,356.044,345.66,0.029165
-56.25,-33.75,350.961,364.94,0.039831
-53.75,-33.75,345.614,346.937,0.003828
-51.25,-33.75,340.564,341.156,0.001738
-48.75,-33.75,336.016,328.896,0.021189
-46.25,-33.75,332.099,336.794,0.014137
-43.75,-33.75,328.769,335.661,0.020963
-41.25,-33.75,325.979,339.259,0.040739
-38.75,-33.75,323.87,327.077,0.009902
-36.25,-33.75,322.099,319.772,0.007224
-33.75,-33.75,320.107,321.683,0.004923
-31.25,-33.75,317.486,314.977,0.007903
-28.75,-33.75,314.414,313.986,0.001361
-26.25,-33.75,310.753,310.795,0.000135
-23.75,-33.75,306.309,311.092,0.015615
-21.25,-33.75,301.101,304.274,0.010538
-18.75,-33.75,295.044,297.818,0.009402
-16.25,-33.75,288.258,289.191,0.003237
-13.75,-33.75,280.747,287.477,0.023972
-11.25,-33.75,272.442,271.936,0.001857
-8.75,-33.75,263.654,263.499,0.000588
-6.25,-33.75,255.093,260.827,0.022478
-3.75,-33.75,246.836,245.612,0.004959
-1.25,-33.75,238.799,235.574,0.013505
1.25,-33.75,231.267,235.311,0.017486
3.75,-33.75,224.284,221.589,0.012016
6.25,-33.75,217.808,222.434,0.021239
8.75,-33.75,211.668,212.028,0.001701
11.25,-33.75,205.834,207.851,0.009799
13.75,-33.75,200.228,195.27,0.024762
16.25,-33.75,195.344,198.337,0.015322
18.75,-33.75,191.239,197.285,0.031615
21.25,-33.75,187.505,183.367,0.022069
23.75,-33.75,184.133,180.515,0.019649
26.25,-33.75,181.136,180.525,0.003373
28.75,-33.75,178.219,175.336,0.016177
31.25,-33.75,175.538,173.865,0.009531
33.75,-33.75,172.587,176.823,0.024544
36.25,-33.75,169.246,168.928,0.001879
38.75,-33.75,165.837,167.596,0.010607
41.25,-33.75,162.206,160.139,0.012743
43.75,-33.75,158.403,158.239,0.001035
46.25,-33.75,154.842,155.426,0.003772
48.75,-33.75,151.781,150.044,0.011444
51.25,-33.75,149.589,148.66,0.00621
53.75,-33.75,148.181,145.715,0.016642
56.25,-33.75,147.352,148.109,0.005137
58.75,-33.75,147.71,149.784,0.014041
61.25,-33.75,149.035,148.688,0.002328
63.75,-33.75,151.192,148.588,0.017223
66.25,-33.75,153.717,156.558,0.018482
68.75,-33.75,156.054,153.473,0.016539
71.25,-33.75,158.367,158.818,0.002848
73.75,-33.75,160.407,162.131,0.010748
76.25,-33.75,162.506,163.642,0.006991
78.75,-33.75,164.266,164.921,0.003987
81.25,-33.75,165.385,164.451,0.005647
83.75,-33.75,166.193,163.166,0.018214
86.25,-33.75,166.792,165.925,0.005198
88.75,-33.75,167.353,166.522,0.004966
91.25,-33.75,168.021,169.143,0.006678
93.75,-33.75,169.116,169.682,0.003347
96.25,-33.75,170.731,170.592,0.000814
98.75,-33.75,172.741,170.946,0.010391
101.25,-33.75,174.683,175.28,0.003418
103.75,-33.75,177.157,176.333,0.004651
106.25,-33.75,179.634,175.277,0.024255
108.75,-33.75,182.257,176.859,0.029618
111.25,-33.75,184.706,189.139,0.024
113.75,-33.75,187.018,183.14,0.020736
116.25,-33.75,189.168,178.639,0.05566
118.75,-33.75,190.9,201.74,0.056784
121.25,-33.75,192.706,183.497,0.047788
-120,-37.5,418.288,421.4,0.00744
-117.5,-37.5,417.652,417.975,0.000773
-115,-37.5,416.99,420.542,0.008518
-112.5,-37.5,416.089,417.114,0.002463
-110,-37.5,415.095,414.024,0.00258
-107.5,-37.5,414.089,415.387,0.003135
-105,-37.5,413,409.689,0.008017
-102.5,-37.5,411.949,413.994,0.004964
-100,-37.5,410.729,410.631,0.000239
-97.5,-37.5,409.583,410.519,0.002285
-95,-37.5,408.543,409.217,0.00165
-92.5,-37.5,407.57,414.426,0.016822
-90,-37.5,406.593,404.269,0.005716
-87.5,-37.5,405.501,398.448,0.017393
-85,-37.5,404.342,396.492,0.019414
-82.5,-37.5,402.992,410.963,0.01978
-80,-37.5,401.322,402.576,0.003125
-77.5,-37.5,399.26,401.892,0.006592
-75,-37.5,396.749,399.201,0.00618
-72.5,-37.5,393.728,400.323,0.01675
-70,-37.5,390.282,384.291,0.01535
-67.5,-37.5,386.259,386.925,0.001724
-65,-37.5,381.676,380.213,0.003833
-62.5,-37.5,376.501,380.471,0.010544
-60,-37.5,370.872,373.987,0.008399
-57.5,-37.5,365.01,366.83,0.004986
-55,-37.5,359.211,348.021,0.031152
-52.5,-37.5,353.754,349.822,0.011115
-50,-37.5,348.779,344.009,0.013676
-47.5,-37.5,344.666,343.712,0.002768
-45,-37.5,341.364,334.357,0.020526
-42.5,-37.5,338.692,346.351,0.022613
-40,-37.5,336.479,334.476,0.005953
-37.5,-37.5,334.457,344.093,0.028811
-35,-37.5,332.403,335.293,0.008694
-32.5,-37.5,329.935,334.367,0.013433
-30,-37.5,326.88,334.711,0.023957
-27.5,-37.5,322.97,332.716,0.030176
-25,-37.5,318.388,311.698,0.021012
-22.5,-37.5,313.143,304.156,0.028699
-20,-37.5,307.176,306.439,0.002399
-17.5,-37.5,300.314,297.477,0.009447
-15,-37.5,292.652,298.524,0.020065
-12.5,-37.5,284.123,277.656,0.022761
-10,-37.5,274.993,279.794,0.017459
-7.5,-37.5,265.529,273.294,0.029244
-5,-37.5,256.038,258.219,0.008518
-2.5,-37.5,246.756,243.774,0.012085
0,-37.5,238.038,239.621,0.00665
2.5,-37.5,230.124,227.331,0.012137
5,-37.5,222.975,226.116,0.014087
7.5,-37.5,216.419,220.938,0.020881
10,-37.5,210.596,202.105,0.040319
12.5,-37.5,205.369,208.516,0.015324
15,-37.5,200.637,201.606,0.00483
17.5,-37.5,196.361,196.238,0.000626
20,-37.5,192.357,187.721,0.024101
22.5,-37.5,188.516,185.58,0.015574
25,-37.5,184.902,181.299,0.019486
27.5,-37.5,181.496,179.974,0.008386
30,-37.5,178.163,181.894,0.020941
32.5,-37.5,174.695,176.78,0.011935
35,-37.5,171.045,166.623,0.025853
37.5,-37.5,167.157,164.866,0.013706
40,-37.5,163.184,164.048,0.005295
42.5,-37.5,159.365,156.481,0.018097
45,-37.5,155.664,157.293,0.010465
47.5,-37.5,152.239,155.801,0.023397
50,-37.5,149.639,149.312,0.002185
52.5,-37.5,147.718,142.949,0.032284
55,-37.5,146.424,145.91,0.00351
57.5,-37.5,146.154,147.458,0.008922
60,-37.5,146.777,145.792,0.006711
62.5,-37.5,148.179,147.428,0.005068
65,-37.5,150.205,147.923,0.015193
67.5,-37.5,152.474,155.681,0.021033
70,-37.5,154.546,154.659,0.000731
72.5,-37.5,156.652,158.342,0.010788
75,-37.5,158.683,155.415,0.020595
77.5,-37.5,160.349,160.076,0.001703
80,-37.5,161.681,160.956,0.004484
82.5,-37.5,162.65,161.567,0.006658
85,-37.5,163.184,163.955,0.004725
87.5,-37.5,163.619,162.209,0.008618
90,-37.5,164.117,162.161,0.011918
92.5,-37.5,164.791,164.841,0.000303
95,-37.5,165.58,165.723,0.000864
97.5,-37.5,166.815,164.936,0.011264
100,-37.5,168.632,170.246,0.009571
102.5,-37.5,170.717,173.334,0.015329
105,-37.5,172.974,171.509,0.008469
107.5,-37.5,175.739,169.359,0.036304
110,-37.5,178.607,189.758,0.062433
112.5,-37.5,181.401,192.868,0.063214
115,-37.5,184.131,195.823,0.063498
117.5,-37.5,186.634,233.708,0.252226
-116.25,-41.25,434.106,428.743,0.012354
-113.75,-41.25,433.209,433.426,0.000501
-111.25,-41.25,432.216,430.166,0.004743
-108.75,-41.25,431.197,425.828,0.012451
-106.25,-41.25,430.165,434.32,0.009659
-103.75,-41.25,429.08,428.54,0.001259
-101.25,-41.25,428.016,429.177,0.002713
-98.75,-41.25,427.071,422.732,0.01016
-96.25,-41.25,425.97,430.784,0.011301
-93.75,-41.25,424.902,427.599,0.006347
-91.25,-41.25,423.857,418.226,0.013285
-88.75,-41.25,422.717,429.077,0.015046
-86.25,-41.25,421.409,412.967,0.020033
-83.75,-41.25,419.729,422.69,0.007055
-81.25,-41.25,417.788,425.04,0.017358
-78.75,-41.25,415.475,417.12,0.003959
-76.25,-41.25,412.679,406.254,0.015569
-73.75,-41.25,409.322,415.819,0.015873
-71.25,-41.25,405.316,400.364,0.012218
-68.75,-41.25,400.607,401.411,0.002007
-66.25,-41.25,395.268,396.246,0.002474
-63.75,-41.25,389.411,387.374,0.005231
-61.25,-41.25,383.165,374.24,0.023293
-58.75,-41.25,376.867,372.938,0.010425
-56.25,-41.25,370.748,377.543,0.018328
-53.75,-41.25,365.176,360.984,0.011479
-51.25,-41.25,360.331,360.05,0.00078
-48.75,-41.25,356.242,357.497,0.003523
-46.25,-41.25,352.813,362.047,0.026173
-43.75,-41.25,350.051,351.269,0.003479
-41.25,-41.25,347.707,349.922,0.00637
-38.75,-41.25,345.529,343.704,0.005282
-36.25,-41.25,343.394,339.196,0.012225
-33.75,-41.25,340.893,345.004,0.01206
-31.25,-41.25,337.692,339.373,0.004978
-28.75,-41.25,333.729,330.581,0.009433
-26.25,-41.25,329.015,330.162,0.003486
-23.75,-41.25,323.612,326.5,0.008924
-21.25,-41.25,317.551,312.806,0.014942
-18.75,-41.25,310.694,316.565,0.018896
-16.25,-41.25,302.972,297.787,0.017114
-13.75,-41.25,294.389,287.421,0.023669
-11.25,-41.25,285.018,282.737,0.008003
-8.75,-41.25,275.07,267.663,0.026928
-6.25,-41.25,264.75,264.99,0.000907
-3.75,-41.25,254.501,253.54,0.003776
-1.25,-41.25,244.77,238.046,0.027471
1.25,-41.25,235.842,227.731,0.034392
3.75,-41.25,227.952,224.715,0.0142
6.25,-41.25,221.056,226.011,0.022415
8.75,-41.25,215.179,220.182,0.02325
11.25,-41.25,210.211,210.688,0.002269
13.75,-41.25,205.807,207.41,0.007789
16.25,-41.25,201.662,196.325,0.026465
18.75,-41.25,197.885,196.359,0.007712
21.25,-41.25,194.259,190.592,0.018877
23.75,-41.25,190.633,189.374,0.006604
26.25,-41.25,186.839,188.135,0.006936
28.75,-41.25,182.869,178.536,0.023695
31.25,-41.25,178.788,179.22,0.002416
33.75,-41.25,174.64,173.648,0.00568
36.25,-41.25,170.465,172.865,0.014079
38.75,-41.25,166.176,163.087,0.018589
41.25,-41.25,161.891,159.945,0.01202
43.75,-41.25,157.881,155.99,0.011977
46.25,-41.25,154.355,152.726,0.010554
48.75,-41.25,151.309,153.033,0.011394
51.25,-41.25,148.81,147.052,0.011814
53.75,-41.25,146.9,145.803,0.007468
56.25,-41.25,146.086,147.299,0.008303
58.75,-41.25,146.136,144.767,0.009368
61.25,-41.25,146.802,147.293,0.003345
63.75,-41.25,148.181,148.445,0.001782
66.25,-41.25,149.97,148.583,0.009249
68.75,-41.25,151.994,154.152,0.014198
71.25,-41.25,153.968,154.821,0.00554
73.75,-41.25,155.818,152.154,0.023515
76.25,-41.25,157.358,154.658,0.017158
78.75,-41.25,158.737,158.8,0.000397
81.25,-41.25,159.777,156.256,0.022037
83.75,-41.25,160.427,162.443,0.012566
86.25,-41.25,160.903,160.858,0.00028
88.75,-41.25,161.258,165.94,0.029034
91.25,-41.25,161.636,163.001,0.008445
93.75,-41.25,162.026,159.828,0.013566
96.25,-41.25,162.668,159.393,0.020133
98.75,-41.25,163.582,160.128,0.021115
101.25,-41.25,165.057,168.908,0.023331
103.75,-41.25,167,164.572,0.014539
106.25,-41.25,169.424,174.505,0.02999
108.75,-41.25,171.832,157.987,0.080573
111.25,-41.25,174.63,146.816,0.159274
113.75,-41.25,177.732,100.663,0.433625
-112.5,-45,446.103,437.721,0.018789
-110,-45,445.159,438.624,0.01468
-107.5,-45,444.217,443.692,0.001182
-105,-45,443.277,437.292,0.013502
-102.5,-45,442.342,439.689,0.005998
-100,-45,441.479,435.755,0.012966
-97.5,-45,440.564,438.535,0.004605
-95,-45,439.628,438.175,0.003305
-92.5,-45,438.501,435.675,0.006445
-90,-45,437.183,436.736,0.001022
-87.5,-45,435.66,434.601,0.002431
-85,-45,433.818,434.572,0.001738
-82.5,-45,431.637,437.795,0.014267
-80,-45,428.985,428.577,0.000951
-77.5,-45,425.805,436.167,0.024335
-75,-45,421.933,431.74,0.023243
-72.5,-45,417.366,410.339,0.016837
-70,-45,412.126,418.134,0.014578
-67.5,-45,406.217,404.695,0.003747
-65,-45,399.847,400.757,0.002276
-62.5,-45,393.354,384.146,0.023409
-60,-45,386.92,381.19,0.014809
-57.5,-45,380.853,386.952,0.016014
-55,-45,375.403,378.843,0.009163
-52.5,-45,370.661,370.358,0.000817
-50,-45,366.664,363.127,0.009646
-47.5,-45,363.292,371.524,0.022659
-45,-45,360.361,358.585,0.004928
-42.5,-45,357.789,362.207,0.012348
-40,-45,355.502,345.807,0.027271
-37.5,-45,353.199,354.82,0.004589
-35,-45,350.511,346.627,0.011081
-32.5,-45,347.231,340.674,0.018884
-30,-45,343.112,347.403,0.012506
-27.5,-45,338.257,341.161,0.008585
-25,-45,332.731,336.194,0.010408
-22.5,-45,326.539,330.547,0.012274
-20,-45,319.543,314.193,0.016743
-17.5,-45,311.804,308.481,0.010657
-15,-45,303.215,305.65,0.008031
-12.5,-45,293.855,294.346,0.001671
-10,-45,283.704,290.59,0.024272
-7.5,-45,272.985,269.566,0.012524
-5,-45,262.143,267.177,0.019203
-2.5,-45,251.791,249.51,0.009059
0,-45,242.182,247.304,0.021149
2.5,-45,233.503,233.461,0.00018
5,-45,226.094,220.272,0.02575
7.5,-45,220,220.269,0.001223
10,-45,214.926,219.908,0.02318
12.5,-45,210.535,206.913,0.017204
15,-45,206.655,212.704,0.029271
17.5,-45,203.152,198.76,0.021619
20,-45,199.975,195.866,0.020548
22.5,-45,196.768,196.086,0.003466
25,-45,193.097,192.555,0.002807
27.5,-45,189.08,193.717,0.024524
30,-45,184.711,189.476,0.025797
32.5,-45,180.091,182.016,0.010689
35,-45,175.451,179.608,0.023693
37.5,-45,170.743,167.845,0.016973
40,-45,166.082,163.874,0.013295
42.5,-45,161.747,163.519,0.010955
45,-45,157.732,157.276,0.002891
47.5,-45,154.256,154.878,0.004032
50,-45,151.341,151.984,0.004249
52.5,-45,148.921,150.91,0.013356
55,-45,147.387,144.614,0.018814
57.5,-45,146.731,148.466,0.011824
60,-45,146.822,143.98,0.019357
62.5,-45,147.492,146.767,0.004916
65,-45,148.702,148.53,0.001157
67.5,-45,150.36,150.761,0.002667
70,-45,152.127,149.466,0.017492
72.5,-45,153.752,155.403,0.010738
75,-45,155.26,156.263,0.00646
77.5,-45,156.506,156.312,0.00124
80,-45,157.574,159.876,0.014609
82.5,-45,158.494,162.471,0.025092
85,-45,159.085,158.489,0.003746
87.5,-45,159.4,160.135,0.004611
90,-45,159.558,159.764,0.001291
92.5,-45,159.684,161.602,0.012011
95,-45,159.976,164.229,0.026585
97.5,-45,160.442,155.851,0.028615
100,-45,161.224,169.798,0.053181
102.5,-45,162.381,149.871,0.077041
105,-45,163.931,172.731,0.053681
107.5,-45,165.877,163.353,0.015216
110,-45,168.279,205.732,0.222565
-108.75,-48.75,455.459,455.609,0.000329
-106.25,-48.75,454.713,455.958,0.002738
-103.75,-48.75,453.947,454.948,0.002205
-101.25,-48.75,453.154,447.802,0.011811
-98.75,-48.75,452.442,453.723,0.002831
-96.25,-48.75,451.657,449.135,0.005584
-93.75,-48.75,450.534,445.663,0.010812
-91.25,-48.75,449.133,445.915,0.007165
-88.75,-48.75,447.415,450.497,0.006888
-86.25,-48.75,445.405,447.879,0.005554
-83.75,-48.75,442.948,442.115,0.001881
-81.25,-48.75,439.859,440.055,0.000446
-78.75,-48.75,436.216,433.94,0.005218
-76.25,-48.75,431.888,424.851,0.016294
-73.75,-48.75,426.816,422.599,0.00988
-71.25,-48.75,421.011,430.251,0.021947
-68.75,-48.75,414.698,417.603,0.007005
-66.25,-48.75,408.32,406.834,0.003639
-63.75,-48.75,401.967,396.733,0.013021
-61.25,-48.75,395.696,401.871,0.015605
-58.75,-48.75,389.838,391.543,0.004374
-56.25,-48.75,384.646,385.885,0.003221
-53.75,-48.75,380.097,377.655,0.006425
-51.25,-48.75,376.153,375.337,0.002169
-48.75,-48.75,372.64,376.997,0.011692
-46.25,-48.75,369.573,374.817,0.014189
-43.75,-48.75,366.978,369.897,0.007954
-41.25,-48.75,364.592,362.781,0.004967
-38.75,-48.75,362,353.07,0.024669
-36.25,-48.75,359.015,364.537,0.015381
-33.75,-48.75,355.497,358.617,0.008776
-31.25,-48.75,351.333,347.6,0.010625
-28.75,-48.75,346.361,345.906,0.001314
-26.25,-48.75,340.624,341.41,0.002308
-23.75,-48.75,334.215,340.268,0.018111
-21.25,-48.75,327.162,334.66,0.022918
-18.75,-48.75,319.435,310.601,0.027655
-16.25,-48.75,310.868,306.428,0.014283
-13.75,-48.75,301.507,305.306,0.0126
-11.25,-48.75,291.519,286.411,0.017522
-8.75,-48.75,280.985,273.969,0.024969
-6.25,-48.75,270.089,278.454,0.030971
-3.75,-48.75,259.319,255.881,0.013258
-1.25,-48.75,249.257,245.262,0.016028
1.25,-48.75,240.231,235.477,0.019789
3.75,-48.75,232.288,225.961,0.027238
6.25,-48.75,225.568,231.024,0.024188
8.75,-48.75,219.945,223.374,0.01559
11.25,-48.75,215.315,214.035,0.005945
13.75,-48.75,211.524,213.555,0.009602
16.25,-48.75,208.227,209.281,0.005062
18.75,-48.75,205.129,208.919,0.018476
21.25,-48.75,202.158,201.745,0.002043
23.75,-48.75,198.993,204.033,0.025328
26.25,-48.75,195.386,199.413,0.02061
28.75,-48.75,191.288,189.54,0.009138
31.25,-48.75,186.732,190.42,0.01975
33.75,-48.75,181.846,177.667,0.022981
36.25,-48.75,176.753,179.473,0.015389
38.75,-48.75,171.749,175.66,0.022772
41.25,-48.75,166.895,166.802,0.000557
43.75,-48.75,162.449,159.755,0.016584
46.25,-48.75,158.575,159.515,0.005928
48.75,-48.75,155.172,157.614,0.015737
51.25,-48.75,152.16,152.751,0.003884
53.75,-48.75,150.055,150.39,0.002233
56.25,-48.75,148.738,147.598,0.007664
58.75,-48.75,148.045,148.701,0.004431
61.25,-48.75,148.07,148.166,0.000648
63.75,-48.75,148.622,144.828,0.025528
66.25,-48.75,149.619,151.224,0.010727
68.75,-48.75,150.943,149.858,0.007188
71.25,-48.75,152.461,155.373,0.0191
73.75,-48.75,153.766,154.582,0.005307
76.25,-48.75,154.953,153.67,0.00828
78.75,-48.75,156.096,156.673,0.003696
81.25,-48.75,157.102,158.633,0.009745
83.75,-48.75,157.874,156.051,0.011547
86.25,-48.75,158.319,159.421,0.006961
88.75,-48.75,158.507,162.12,0.022794
91.25,-48.75,158.517,160.353,0.011582
93.75,-48.75,158.574,149.398,0.057866
96.25,-48.75,158.714,145.829,0.081184
98.75,-48.75,159.067,158.562,0.003175
101.25,-48.75,159.562,152.785,0.042473
103.75,-48.75,160.379,148.592,0.073495
106.25,-48.75,161.492,212.361,0.314994
-105,-52.5,462.989,454.658,0.017994
-102.5,-52.5,462.427,464.369,0.0042
-100,-52.5,461.825,471.221,0.020345
-97.5,-52.5,461.068,463.224,0.004676
-95,-52.5,460.023,456.895,0.0068
-92.5,-52.5,458.581,464.116,0.01207
-90,-52.5,456.79,458.988,0.004812
-87.5,-52.5,454.602,448.352,0.013748
-85,-52.5,451.788,446.906,0.010806
-82.5,-52.5,448.294,452.787,0.010022
-80,-52.5,444.128,445.849,0.003875
-77.5,-52.5,439.289,441.071,0.004057
-75,-52.5,433.854,435.268,0.003259
-72.5,-52.5,427.817,421.532,0.014691
-70,-52.5,421.501,419.048,0.00582
-67.5,-52.5,415.228,420.133,0.011813
-65,-52.5,409.128,408.809,0.00078
-62.5,-52.5,403.419,407.437,0.00996
-60,-52.5,398.073,400.825,0.006913
-57.5,-52.5,393.089,387.733,0.013625
-55,-52.5,388.66,380.462,0.021093
-52.5,-52.5,384.69,385.1,0.001066
-50,-52.5,381.146,384.976,0.010049
-47.5,-52.5,378.018,377.366,0.001725
-45,-52.5,375.229,383.139,0.02108
-42.5,-52.5,372.583,369.627,0.007934
-40,-52.5,369.875,375.694,0.015732
-37.5,-52.5,366.698,367.297,0.001633
-35,-52.5,362.85,362.209,0.001767
-32.5,-52.5,358.384,352.643,0.016019
-30,-52.5,353.268,356.11,0.008045
-27.5,-52.5,347.429,346.297,0.003258
-25,-52.5,340.907,330.926,0.029278
-22.5,-52.5,333.725,327.39,0.018983
-20,-52.5,325.951,324.508,0.004427
-17.5,-52.5,317.516,313.659,0.012147
-15,-52.5,308.472,309.539,0.003459
-12.5,-52.5,298.827,297.56,0.00424
-10,-52.5,288.735,292.381,0.012627
-7.5,-52.5,278.275,271.773,0.023365
-5,-52.5,267.749,266.894,0.003193
-2.5,-52.5,257.554,261.892,0.016843
0,-52.5,248.147,245.521,0.010582
2.5,-52.5,239.719,237.535,0.009111
5,-52.5,232.288,234.665,0.010233
7.5,-52.5,226.033,231.597,0.024616
10,-52.5,220.876,218.376,0.011319
12.5,-52.5,216.694,216.424,0.001246
15,-52.5,213.222,215.339,0.009929
17.5,-52.5,210.098,207.949,0.010229
20,-52.5,207.065,202.725,0.02096
22.5,-52.5,204.022,204.31,0.001412
25,-52.5,200.842,201.036,0.000966
27.5,-52.5,197.223,200.365,0.015931
30,-52.5,193.131,195.24,0.01092
32.5,-52.5,188.564,191.046,0.013163
35,-52.5,183.613,186.365,0.014988
37.5,-52.5,178.429,178.414,8.4e-05
40,-52.5,173.269,173.414,0.000837
42.5,-52.5,168.379,167.288,0.006479
45,-52.5,164.029,162.89,0.006944
47.5,-52.5,160.2,162.564,0.014757
50,-52.5,156.756,154.217,0.016197
52.5,-52.5,154.008,155.109,0.007149
55,-52.5,151.941,151.841,0.000658
57.5,-52.5,150.606,151.951,0.008931
60,-52.5,149.925,149.014,0.006076
62.5,-52.5,149.678,146.581,0.020691
65,-52.5,149.879,147.093,0.018588
67.5,-52.5,150.608,147.733,0.019089
70,-52.5,151.706,149.223,0.016367
72.5,-52.5,152.863,149.036,0.025035
75,-52.5,154.017,149.636,0.028445
77.5,-52.5,155.159,150.771,0.028281
80,-52.5,156.161,153.819,0.014997
82.5,-52.5,157.042,160.498,0.022007
85,-52.5,157.743,165.621,0.049942
87.5,-52.5,158.119,163.284,0.032665
90,-52.5,158.264,156.072,0.01385
92.5,-52.5,158.283,164.042,0.036384
95,-52.5,158.258,155.372,0.018236
97.5,-52.5,158.221,154.099,0.026052
100,-52.5,158.234,127.541,0.193972
102.5,-52.5,158.568,139.334,0.121298
-101.25,-56.25,468.84,467.563,0.002724
-98.75,-56.25,468.08,465.883,0.004694
-96.25,-56.25,467.071,467.228,0.000336
-93.75,-56.25,465.663,460.444,0.011208
-91.25,-56.25,463.778,455.676,0.01747
-88.75,-56.25,461.313,469.588,0.017938
-86.25,-56.25,458.177,452.668,0.012024
-83.75,-56.25,454.369,450.138,0.009312
-81.25,-56.25,449.77,440.992,0.019517
-78.75,-56.25,444.517,445.89,0.003089
-76.25,-56.25,438.837,433.413,0.01236
-73.75,-56.25,432.929,432.229,0.001617
-71.25,-56.25,426.96,428.033,0.002513
-68.75,-56.25,421.048,423.528,0.00589
-66.25,-56.25,415.441,415.061,0.000915
-63.75,-56.25,410.19,408.259,0.004708
-61.25,-56.25,405.269,409.767,0.011099
-58.75,-56.25,400.744,397.539,0.007998
-56.25,-56.25,396.453,385.561,0.027474
-53.75,-56.25,392.466,381.982,0.026713
-51.25,-56.25,388.893,396.407,0.019322
-48.75,-56.25,385.689,385.551,0.000358
-46.25,-56.25,382.704,392.453,0.025474
-43.75,-56.25,379.794,380.756,0.002533
-41.25,-56.25,376.754,375.145,0.004271
-38.75,-56.25,373.368,375.559,0.005868
-36.25,-56.25,369.358,373.332,0.010759
-33.75,-56.25,364.6,362.881,0.004715
-31.25,-56.25,359.153,355.125,0.011215
-28.75,-56.25,353.162,353.292,0.000368
-26.25,-56.25,346.577,337.606,0.025885
-23.75,-56.25,339.408,343.665,0.012542
-21.25,-56.25,331.675,336.126,0.01342
-18.75,-56.25,323.457,323.196,0.000807
-16.25,-56.25,314.87,317.804,0.009318
-13.75,-56.25,305.899,312.272,0.020834
-11.25,-56.25,296.514,304.679,0.027537
-8.75,-56.25,286.767,282.661,0.014318
-6.25,-56.25,276.878,269.509,0.026615
-3.75,-56.25,267.025,267.951,0.003468
-1.25,-56.25,257.463,254.828,0.010234
1.25,-56.25,248.474,249.452,0.003936
3.75,-56.25,240.41,237.437,0.012366
6.25,-56.25,233.425,230.161,0.013983
8.75,-56.25,227.617,224.883,0.012011
11.25,-56.25,222.783,221.607,0.005279
13.75,-56.25,218.687,217.406,0.005858
16.25,-56.25,215.173,219.189,0.018664
18.75,-56.25,211.926,214.404,0.011693
21.25,-56.25,208.735,205.213,0.016873
23.75,-56.25,205.546,208.523,0.014483
26.25,-56.25,202.172,198.7,0.017173
28.75,-56.25,198.455,201.69,0.016301
31.25,-56.25,194.434,197.847,0.017554
33.75,-56.25,189.97,188.175,0.009449
36.25,-56.25,185.159,188.098,0.015873
38.75,-56.25,180.169,178.392,0.009863
41.25,-56.25,175.223,174.85,0.002129
43.75,-56.25,170.528,173.025,0.014643
46.25,-56.25,166.278,164.67,0.009671
48.75,-56.25,162.409,162.895,0.002992
51.25,-56.25,159.172,161.916,0.017239
53.75,-56.25,156.536,155.775,0.004862
56.25,-56.25,154.45,153.991,0.002972
58.75,-56.25,152.905,151.025,0.012295
61.25,-56.25,151.892,151.318,0.003779
63.75,-56.25,151.38,151.657,0.00183
66.25,-56.25,151.275,144.877,0.042294
68.75,-56.25,151.693,147.914,0.024912
71.25,-56.25,152.544,150.489,0.013472
73.75,-56.25,153.597,152.24,0.008835
76.25,-56.25,154.611,152.695,0.012392
78.75,-56.25,155.623,156.572,0.006098
81.25,-56.25,156.58,154.887,0.010812
83.75,-56.25,157.413,154.93,0.015774
86.25,-56.25,158.111,168.799,0.067598
88.75,-56.25,158.517,160.389,0.011809
91.25,-56.25,158.699,176.538,0.112408
93.75,-56.25,158.654,165.752,0.044739
96.25,-56.25,158.46,153.214,0.033106
98.75,-56.25,158.288,151.607,0.042208
-97.5,-60,471.823,471.22,0.001278
-95,-60,470.358,473.122,0.005876
-92.5,-60,468.352,474.648,0.013443
-90,-60,465.613,464.351,0.00271
-87.5,-60,462.192,467.908,0.012367
-85,-60,458.034,451.751,0.013717
-82.5,-60,453.223,454.461,0.002732
-80,-60,447.931,438.703,0.020601
-77.5,-60,442.345,442.671,0.000737
-75,-60,436.759,442.374,0.012856
-72.5,-60,431.255,432.435,0.002736
-70,-60,425.979,419.586,0.015008
-67.5,-60,420.983,414.901,0.014447
-65,-60,416.195,413.816,0.005716
-62.5,-60,411.675,405.887,0.01406
-60,-60,407.39,410.558,0.007776
-57.5,-60,403.302,396.816,0.016082
-55,-60,399.526,395.883,0.009118
-52.5,-60,396.019,400.583,0.011525
-50,-60,392.617,402.895,0.026178
-47.5,-60,389.413,384.34,0.013027
-45,-60,386.246,380.454,0.014996
-42.5,-60,382.938,386.149,0.008385
-40,-60,379.206,376.393,0.007418
-37.5,-60,374.868,370.028,0.012911
-35,-60,369.859,360.683,0.024809
-32.5,-60,364.221,366.93,0.007438
-30,-60,358.057,361.204,0.008789
-27.5,-60,351.389,353.929,0.007228
-25,-60,344.244,335.365,0.025793
-22.5,-60,336.755,342.929,0.018334
-20,-60,329.007,326.434,0.007821
-17.5,-60,321.04,315.838,0.016204
-15,-60,312.826,307.429,0.017252
-12.5,-60,304.347,304.842,0.001626
-10,-60,295.588,297.892,0.007795
-7.5,-60,286.599,280.178,0.022404
-5,-60,277.32,276.399,0.003321
-2.5,-60,267.865,268.012,0.000549
0,-60,258.627,262.131,0.013548
2.5,-60,250.071,252.044,0.00789
5,-60,242.403,241.099,0.005379
7.5,-60,235.645,233.934,0.007261
10,-60,229.93,233.514,0.015587
12.5,-60,225.108,222.826,0.010137
15,-60,220.913,220.31,0.00273
17.5,-60,217.166,221.374,0.019377
20,-60,213.584,217.179,0.016832
22.5,-60,210.049,209.118,0.004432
25,-60,206.566,211.406,0.023431
27.5,-60,203.001,206.352,0.016507
30,-60,199.172,196.569,0.013069
32.5,-60,195.13,199.177,0.02074
35,-60,190.871,190.123,0.003919
37.5,-60,186.449,184.246,0.011816
40,-60,181.924,180.498,0.007838
42.5,-60,177.464,175.401,0.011625
45,-60,173.132,175.713,0.014908
47.5,-60,168.953,165.697,0.019272
50,-60,165.361,163.783,0.009543
52.5,-60,162.247,163.149,0.005559
55,-60,159.504,156.379,0.019592
57.5,-60,157.208,155.283,0.012245
60,-60,155.352,156.009,0.004229
62.5,-60,153.961,157.542,0.023259
65,-60,153.105,150.478,0.017158
67.5,-60,152.818,145.409,0.048483
70,-60,153.004,147.949,0.033038
72.5,-60,153.623,152.599,0.006666
75,-60,154.499,159.205,0.03046
77.5,-60,155.444,158.886,0.022143
80,-60,156.411,152.562,0.024608
82.5,-60,157.371,170.165,0.081298
85,-60,158.258,142.164,0.101695
87.5,-60,158.968,146.377,0.079205
90,-60,159.388,194.098,0.21777
92.5,-60,159.51,113.68,0.287317
95,-60,159.453,148.588,0.068139
