X_Coord_m,Z_Coord_m,Std_Wenner_Apparent_Resistivity_Ohmm,PseudoDiode_Apparent_Resistivity_Ohmm,Relative_Error
-153.75,-1.25,208.298,217.536,0.04435
-151.25,-1.25,206.488,209.432,0.014257
-148.75,-1.25,204.664,211.353,0.032683
-146.25,-1.25,230.772,240.183,0.040781
-143.75,-1.25,178.952,190.35,0.063693
-141.25,-1.25,238.363,251.176,0.053754
-138.75,-1.25,191.316,208.368,0.08913
-136.25,-1.25,206.14,208.792,0.012865
-133.75,-1.25,226.361,224.099,0.009993
-131.25,-1.25,197.779,201.372,0.018167
-128.75,-1.25,220.757,211.937,0.039953
-126.25,-1.25,206.517,225.502,0.091929
-123.75,-1.25,218.507,230.389,0.054378
-121.25,-1.25,213.5,214.638,0.00533
-118.75,-1.25,214.446,213.354,0.005092
-116.25,-1.25,199.634,199.469,0.000827
-113.75,-1.25,231.759,231.16,0.002585
-111.25,-1.25,195.593,205.536,0.050835
-108.75,-1.25,218.2,233.268,0.069056
-106.25,-1.25,214.838,222.204,0.034286
-103.75,-1.25,199.434,204.458,0.025191
-101.25,-1.25,228.635,223.362,0.023063
-98.75,-1.25,197.333,185.901,0.057933
-96.25,-1.25,220.679,209.455,0.050861
-93.75,-1.25,192.019,182.101,0.051651
-91.25,-1.25,235.968,251.579,0.066157
-88.75,-1.25,194.952,187.3,0.039251
-86.25,-1.25,217.877,220.662,0.012782
-83.75,-1.25,214.67,217.64,0.013835
-81.25,-1.25,199.403,206.507,0.035626
-78.75,-1.25,228.682,234.848,0.026963
-76.25,-1.25,199.772,202.185,0.012079
-73.75,-1.25,214.438,215.833,0.006505
-71.25,-1.25,211.646,203.677,0.037652
-68.75,-1.25,219.951,223.016,0.013935
-66.25,-1.25,206.422,216.432,0.048493
-63.75,-1.25,218.183,215.026,0.01447
-61.25,-1.25,214.538,232.368,0.083109
-58.75,-1.25,199.169,201.261,0.010504
-56.25,-1.25,228.324,237.427,0.039869
-53.75,-1.25,196.974,193.701,0.016616
-51.25,-1.25,220.35,237.964,0.079936
-48.75,-1.25,191.691,189.922,0.009228
-46.25,-1.25,235.651,233.983,0.007078
-43.75,-1.25,194.644,185.389,0.047548
-41.25,-1.25,217.562,223.16,0.025731
-38.75,-1.25,214.332,229.058,0.068706
-36.25,-1.25,199.028,208.476,0.047471
-33.75,-1.25,228.25,233.437,0.022725
-31.25,-1.25,199.26,186.062,0.066235
-28.75,-1.25,213.825,220.393,0.030717
-26.25,-1.25,210.906,212.162,0.005955
-23.75,-1.25,218.965,214.118,0.022136
-21.25,-1.25,206.267,209.262,0.01452
-18.75,-1.25,202.631,191.698,0.053955
-16.25,-1.25,226.662,239.559,0.0569
-13.75,-1.25,197.516,200.039,0.012774
-11.25,-1.25,211.948,225.072,0.061921
-8.75,-1.25,209.415,223.257,0.066098
-6.25,-1.25,198.774,202.077,0.016617
-3.75,-1.25,226.477,216.795,0.04275
-1.25,-1.25,176.086,167.533,0.048573
1.25,-1.25,215.634,215.68,0.000213
3.75,-1.25,196.585,192.376,0.021411
6.25,-1.25,212.06,209.852,0.010412
8.75,-1.25,189.025,196.371,0.038863
11.25,-1.25,217.09,216.507,0.002686
13.75,-1.25,192.317,201.703,0.048805
16.25,-1.25,228.33,215.837,0.054715
18.75,-1.25,188.239,195.361,0.037835
21.25,-1.25,202.533,191.85,0.052747
23.75,-1.25,224.948,224.104,0.003752
26.25,-1.25,192.614,197.911,0.027501
28.75,-1.25,199.856,203.383,0.017648
31.25,-1.25,224.514,228.805,0.019112
33.75,-1.25,193.753,184.886,0.045764
36.25,-1.25,216.874,209.156,0.035587
38.75,-1.25,203.54,195.011,0.041903
41.25,-1.25,200.227,208.119,0.039415
43.75,-1.25,224.421,229.2,0.021295
46.25,-1.25,195.385,212.332,0.086736
48.75,-1.25,214.347,220.463,0.028533
51.25,-1.25,201.687,215.613,0.069048
53.75,-1.25,201.615,193.498,0.04026
56.25,-1.25,224.54,223.381,0.005162
58.75,-1.25,192.015,186.413,0.029175
61.25,-1.25,198.15,191.909,0.031496
63.75,-1.25,227.275,228.727,0.006389
66.25,-1.25,188.371,184.03,0.023045
68.75,-1.25,200.448,197.876,0.012831
71.25,-1.25,222.153,220.912,0.005586
73.75,-1.25,193.799,185.593,0.042343
76.25,-1.25,217.019,221.731,0.021712
78.75,-1.25,202.785,201.514,0.006268
81.25,-1.25,214.864,215.19,0.001517
83.75,-1.25,211.549,215.791,0.020052
86.25,-1.25,191.926,194.854,0.015256
88.75,-1.25,233.092,226.17,0.029696
91.25,-1.25,187.869,192.336,0.023777
93.75,-1.25,215,217.903,0.013502
96.25,-1.25,209.986,204.128,0.027897
98.75,-1.25,198.525,194.168,0.021947
101.25,-1.25,208.818,207.488,0.006369
103.75,-1.25,212.19,204.316,0.037108
106.25,-1.25,194.146,191.752,0.012331
108.75,-1.25,217.259,206.879,0.047777
111.25,-1.25,188.357,184.228,0.021921
113.75,-1.25,227.686,220.648,0.030911
116.25,-1.25,183.301,177.61,0.031047
118.75,-1.25,227.238,214.572,0.055739
121.25,-1.25,175.732,161.993,0.078182
123.75,-1.25,214.615,208.956,0.026368
126.25,-1.25,215.573,208.374,0.033395
128.75,-1.25,174.663,168.94,0.032766
131.25,-1.25,228.191,225.065,0.013699
133.75,-1.25,184.162,181.335,0.015351
136.25,-1.25,222.761,219.58,0.01428
138.75,-1.25,196.889,194.581,0.011722
141.25,-1.25,208.643,194.935,0.065701
143.75,-1.25,216.523,206.182,0.047759
146.25,-1.25,188.449,229.236,0.216435
148.75,-1.25,227.315,177.138,0.220738
151.25,-1.25,181.248,229.54,0.266442
-150,-2.5,215.105,209.913,0.024137
-147.5,-2.5,223.375,224.532,0.00518
-145,-2.5,221.85,218.21,0.016407
-142.5,-2.5,223.11,221.745,0.006118
-140,-2.5,220.613,212.91,0.034916
-137.5,-2.5,215.384,222.616,0.033577
-135,-2.5,222.418,217.321,0.022916
-132.5,-2.5,229.347,233.129,0.01649
-130,-2.5,220.232,218.031,0.009994
-127.5,-2.5,217.113,203.524,0.06259
-125,-2.5,219.869,223.28,0.015514
-122.5,-2.5,224.728,223.154,0.007004
-120,-2.5,221.997,230.785,0.039586
-117.5,-2.5,220.082,217.429,0.012055
-115,-2.5,223.329,217.975,0.023974
-112.5,-2.5,222.008,222.223,0.000968
-110,-2.5,219.056,208.002,0.050462
-107.5,-2.5,218.787,205.737,0.059647
-105,-2.5,220.841,205.886,0.067718
-102.5,-2.5,223.185,219.468,0.016654
-100,-2.5,225.37,225.786,0.001846
-97.5,-2.5,218.145,215.647,0.011451
-95,-2.5,215.578,202.556,0.060405
-92.5,-2.5,222.212,226.453,0.019085
-90,-2.5,224.148,227.648,0.015615
-87.5,-2.5,219.495,224.867,0.024474
-85,-2.5,217.899,220.143,0.010298
-82.5,-2.5,220.079,227.4,0.033265
-80,-2.5,222.638,222.407,0.001038
-77.5,-2.5,221.486,223.707,0.010028
-75,-2.5,217.531,219.37,0.008454
-72.5,-2.5,221.99,228.562,0.029605
-70,-2.5,222.176,237.938,0.070944
-67.5,-2.5,216.599,193.07,0.108629
-65,-2.5,218.255,214.332,0.017974
-62.5,-2.5,220.202,211.749,0.038387
-60,-2.5,218.978,216.86,0.009672
-57.5,-2.5,221.083,234.859,0.062311
-55,-2.5,223.288,219.299,0.017865
-52.5,-2.5,215.917,223.91,0.037019
-50,-2.5,213.3,215.065,0.008275
-47.5,-2.5,219.906,240.667,0.094409
-45,-2.5,221.837,231.4,0.043108
-42.5,-2.5,217.153,223.211,0.027897
-40,-2.5,215.429,218.198,0.012853
-37.5,-2.5,217.358,227.128,0.044949
-35,-2.5,219.536,210.355,0.04182
-32.5,-2.5,217.865,206.571,0.051839
-30,-2.5,213.288,202.274,0.051639
-27.5,-2.5,217.078,208.966,0.037369
-25,-2.5,217.215,211.978,0.02411
-22.5,-2.5,208.43,211.64,0.015401
-20,-2.5,208.972,194.684,0.068373
-17.5,-2.5,216.476,205.179,0.052186
-15,-2.5,212.703,207.517,0.024381
-12.5,-2.5,205.49,190.805,0.071463
-10,-2.5,205.094,198.543,0.031941
-7.5,-2.5,205.78,191.922,0.067344
-5,-2.5,203.554,196.126,0.036492
-2.5,-2.5,197.805,197.571,0.001183
0,-2.5,199.036,205.386,0.031904
2.5,-2.5,207.421,206.643,0.003751
5,-2.5,207.917,201.532,0.030709
7.5,-2.5,196.586,198.156,0.007986
10,-2.5,192.223,196.712,0.023353
12.5,-2.5,200.471,197.917,0.01274
15,-2.5,208.941,212.703,0.018005
17.5,-2.5,198.483,196.126,0.011875
20,-2.5,193.359,201.508,0.042144
22.5,-2.5,202.97,210.848,0.038814
25,-2.5,201.516,202.846,0.0066
27.5,-2.5,194.489,208.125,0.070112
30,-2.5,200.629,200.463,0.000827
32.5,-2.5,204.431,204.376,0.000269
35,-2.5,198.443,193.284,0.025997
37.5,-2.5,192.58,199.029,0.033487
40,-2.5,195.016,200.815,0.029736
42.5,-2.5,202.673,206.912,0.020915
45,-2.5,202.062,200.298,0.00873
47.5,-2.5,197.493,200.935,0.017428
50,-2.5,191.523,187.987,0.018463
52.5,-2.5,191.19,195.132,0.020618
55,-2.5,199.238,209.733,0.052676
57.5,-2.5,197.504,202.278,0.024172
60,-2.5,193.565,197.18,0.018676
62.5,-2.5,201.41,204.264,0.01417
65,-2.5,194.869,187.961,0.035449
67.5,-2.5,189.716,189.359,0.001882
70,-2.5,201.309,196.413,0.024321
72.5,-2.5,206.541,197.663,0.042984
75,-2.5,197.508,193.102,0.022308
77.5,-2.5,194.683,190.631,0.020813
80,-2.5,198.883,196.915,0.009895
82.5,-2.5,199.648,192.39,0.036354
85,-2.5,199.87,193.618,0.03128
87.5,-2.5,203.66,196.389,0.035702
90,-2.5,200.651,194.487,0.03072
92.5,-2.5,196.05,196.396,0.001765
95,-2.5,198.726,198.052,0.003392
97.5,-2.5,200.197,191.107,0.045405
100,-2.5,200.545,197.026,0.017547
102.5,-2.5,202.605,211.345,0.043138
105,-2.5,203.064,203.311,0.001216
107.5,-2.5,198.605,204.321,0.028781
110,-2.5,194.38,187.521,0.035287
112.5,-2.5,200.945,211.1,0.050536
115,-2.5,206.153,200.928,0.025345
117.5,-2.5,201.012,206.791,0.02875
120,-2.5,194.391,201.75,0.037857
122.5,-2.5,201.172,207.84,0.033146
125,-2.5,207.663,213.834,0.029716
127.5,-2.5,200.168,185.631,0.072624
130,-2.5,195.84,197.789,0.009952
132.5,-2.5,201.308,207.492,0.030719
135,-2.5,202.93,199.044,0.019149
137.5,-2.5,200.869,192.631,0.041012
140,-2.5,204.191,189.655,0.071188
142.5,-2.5,200.426,200.68,0.001267
145,-2.5,196.078,205.706,0.049103
147.5,-2.5,199.638,198.835,0.004022
-146.25,-3.75,246.99,240.556,0.02605
-143.75,-3.75,248.845,249.477,0.00254
-141.25,-3.75,246.499,244.526,0.008004
-138.75,-3.75,247.312,244.139,0.01283
-136.25,-3.75,248.126,249.665,0.006202
-133.75,-3.75,250.242,252.394,0.0086
-131.25,-3.75,249.535,242.609,0.027756
-128.75,-3.75,247.958,250.812,0.01151
-126.25,-3.75,247.006,253.534,0.026429
-123.75,-3.75,248.005,255.303,0.029427
-121.25,-3.75,250.078,249.083,0.003979
-118.75,-3.75,248.964,234.537,0.057948
-116.25,-3.75,248.372,254.709,0.025514
-113.75,-3.75,246.71,247.671,0.003895
-111.25,-3.75,246.819,249.32,0.010133
-108.75,-3.75,246.927,266.65,0.079874
-106.25,-3.75,248.226,240.603,0.03071
-103.75,-3.75,250.139,236.684,0.05379
-101.25,-3.75,249.457,270.506,0.084379
-98.75,-3.75,247.745,234.018,0.055408
-96.25,-3.75,244.512,239.378,0.020997
-93.75,-3.75,245.134,238.92,0.025349
-91.25,-3.75,245.456,239.151,0.025687
-88.75,-3.75,247.142,251.466,0.017496
-86.25,-3.75,246.383,261.435,0.061092
-83.75,-3.75,246.784,250.343,0.014422
-81.25,-3.75,246.443,245.717,0.002946
-78.75,-3.75,245.818,244.826,0.004036
-76.25,-3.75,245.71,233.983,0.047727
-73.75,-3.75,245.09,259.201,0.057575
-71.25,-3.75,244.873,251.191,0.025801
-68.75,-3.75,243.398,239.622,0.015514
-66.25,-3.75,242.244,233.177,0.037429
-63.75,-3.75,241.801,249.305,0.031034
-61.25,-3.75,243.348,232.637,0.044015
-58.75,-3.75,245.098,239.171,0.024182
-56.25,-3.75,243.402,255.404,0.049309
-53.75,-3.75,241.445,232.99,0.035018
-51.25,-3.75,238.114,235.298,0.011826
-48.75,-3.75,238.525,238.531,2.5e-05
-46.25,-3.75,238.655,221.16,0.073307
-43.75,-3.75,240.087,232.534,0.031459
-41.25,-3.75,238.895,231.481,0.031035
-38.75,-3.75,238.568,248.153,0.040177
-36.25,-3.75,237.159,245.623,0.035689
-33.75,-3.75,235.171,245.94,0.045792
-31.25,-3.75,233.623,235.594,0.008437
-28.75,-3.75,232.129,230.317,0.007806
-26.25,-3.75,230.409,224.459,0.025824
-23.75,-3.75,227.685,246.705,0.083536
-21.25,-3.75,225.93,216.22,0.042978
-18.75,-3.75,224.737,230.478,0.025545
-16.25,-3.75,223.909,229.714,0.025926
-13.75,-3.75,221.859,220.878,0.004422
-11.25,-3.75,218.333,223.18,0.0222
-8.75,-3.75,212.902,225.151,0.057534
-6.25,-3.75,209.521,209.034,0.002324
-3.75,-3.75,205.681,214.996,0.045289
-1.25,-3.75,205.199,203.799,0.006823
1.25,-3.75,205.978,204.963,0.004928
3.75,-3.75,207.289,207.078,0.001018
6.25,-3.75,203.17,204.003,0.0041
8.75,-3.75,201.494,199.779,0.008511
11.25,-3.75,200.514,196.598,0.01953
13.75,-3.75,200.902,200.203,0.003479
16.25,-3.75,199.27,190.879,0.042109
18.75,-3.75,197.826,211.859,0.070936
21.25,-3.75,195.495,205.688,0.052139
23.75,-3.75,195.899,189.312,0.033624
26.25,-3.75,196.502,185.271,0.057155
28.75,-3.75,196.576,184.684,0.060496
31.25,-3.75,195.887,190.377,0.028128
33.75,-3.75,194.665,200.604,0.030509
36.25,-3.75,192.251,198.209,0.030991
38.75,-3.75,191.13,197.654,0.034134
41.25,-3.75,192.674,192.777,0.000535
43.75,-3.75,194.138,194.534,0.00204
46.25,-3.75,191.777,194.149,0.012369
48.75,-3.75,186.639,179.854,0.036354
51.25,-3.75,182.888,197.317,0.078895
53.75,-3.75,183.184,188.772,0.030505
56.25,-3.75,187.035,182.305,0.025289
58.75,-3.75,190.894,190.815,0.000414
61.25,-3.75,190.046,195.794,0.030245
63.75,-3.75,186.486,178.889,0.040738
66.25,-3.75,186.298,197.07,0.057821
68.75,-3.75,190.469,185.696,0.025059
71.25,-3.75,195.293,185.252,0.051415
73.75,-3.75,196.793,186.973,0.0499
76.25,-3.75,194.523,191.138,0.017402
78.75,-3.75,191.524,178.025,0.070482
81.25,-3.75,193.456,192.133,0.006839
83.75,-3.75,195.131,192.855,0.011664
86.25,-3.75,196.238,188.436,0.039758
88.75,-3.75,194.794,201.252,0.033153
91.25,-3.75,195.108,198.27,0.016206
93.75,-3.75,195.235,189.055,0.031654
96.25,-3.75,197.369,194.195,0.016082
98.75,-3.75,198.54,200.029,0.0075
101.25,-3.75,200.522,191.104,0.046967
103.75,-3.75,199.849,204.57,0.023623
106.25,-3.75,198.914,200.87,0.009833
108.75,-3.75,197.25,191.225,0.030545
111.25,-3.75,199.002,188.158,0.054492
113.75,-3.75,198.665,205.996,0.036901
116.25,-3.75,201.414,204.256,0.01411
118.75,-3.75,200.104,206.503,0.031978
121.25,-3.75,201.496,204.885,0.016819
123.75,-3.75,201.888,202.274,0.001912
126.25,-3.75,201.99,198.048,0.019516
128.75,-3.75,200.228,199.876,0.001758
131.25,-3.75,198.885,203.035,0.020866
133.75,-3.75,200.505,202.372,0.009311
136.25,-3.75,201.715,200.702,0.005022
138.75,-3.75,203.471,201.99,0.007279
141.25,-3.75,201.063,188.751,0.061235
143.75,-3.75,199.913,195.833,0.020409
-142.5,-5,279.08,282.625,0.012702
-140,-5,279.379,285.997,0.023688
-137.5,-5,280.856,289.617,0.031194
-135,-5,280.134,292.934,0.045692
-132.5,-5,281.305,287.492,0.021994
-130,-5,281.388,270.694,0.038004
-127.5,-5,281.159,279.726,0.005097
-125,-5,281.833,274.448,0.026203
-122.5,-5,280.736,288.52,0.027727
-120,-5,281.23,284.511,0.011667
-117.5,-5,280.947,289.872,0.031768
-115,-5,279.781,286.952,0.025631
-112.5,-5,279.591,282.135,0.009099
-110,-5,279.576,268.991,0.037861
-107.5,-5,280.658,289.355,0.030988
-105,-5,281.259,268.58,0.045079
-102.5,-5,280.542,280.348,0.000692
-100,-5,279.643,263.086,0.059208
-97.5,-5,278.029,275.524,0.00901
-95,-5,276.994,274.424,0.009278
-92.5,-5,275.954,278.78,0.010241
-90,-5,276.032,269.855,0.022378
-87.5,-5,277.171,281.42,0.01533
-85,-5,277.073,262.998,0.050799
-82.5,-5,277.195,267.876,0.033619
-80,-5,276.707,282.317,0.020274
-77.5,-5,276.102,261.84,0.051655
-75,-5,275.645,279.095,0.012516
-72.5,-5,274.444,265.101,0.034043
-70,-5,272.965,264.664,0.03041
-67.5,-5,272.064,273.646,0.005815
-65,-5,271.495,272.303,0.002976
-62.5,-5,271.509,270.582,0.003414
-60,-5,270.856,278.868,0.02958
-57.5,-5,269.463,273.493,0.014956
-55,-5,267.792,269.899,0.007868
-52.5,-5,265.335,257.285,0.030339
-50,-5,263.853,260.328,0.01336
-47.5,-5,262.345,250.594,0.044792
-45,-5,261.645,265.013,0.012872
-42.5,-5,261.656,269.46,0.029825
-40,-5,259.956,273.362,0.05157
-37.5,-5,258.004,263.181,0.020066
-35,-5,255.208,243.197,0.047064
-32.5,-5,252.718,246.792,0.023449
-30,-5,250.473,258.143,0.030622
-27.5,-5,247.837,236.364,0.046293
-25,-5,245.771,254.209,0.034333
-22.5,-5,244.464,260.75,0.066619
-20,-5,243.022,246.809,0.015583
-17.5,-5,240.602,233.243,0.030586
-15,-5,237.919,239.362,0.006065
-12.5,-5,233.182,215.604,0.075383
-10,-5,227.814,238.227,0.045708
-7.5,-5,223.345,211.812,0.051638
-5,-5,217.101,227.653,0.048604
-2.5,-5,213.802,214.965,0.00544
0,-5,211.845,217.572,0.027034
2.5,-5,208.727,209.399,0.00322
5,-5,207.236,213.378,0.029638
7.5,-5,205.293,204.304,0.004818
10,-5,202.13,206.422,0.021234
12.5,-5,200.616,206.682,0.030237
15,-5,197.531,186.844,0.054103
17.5,-5,194.831,196.688,0.009531
20,-5,193.481,199.373,0.030453
22.5,-5,191.453,191.959,0.002643
25,-5,190.652,187.989,0.013968
27.5,-5,190.299,191.04,0.003894
30,-5,189.389,197.676,0.043757
32.5,-5,189.289,188.523,0.004047
35,-5,187.578,183.673,0.020818
37.5,-5,187.83,196.885,0.048208
40,-5,187.8,184.589,0.017098
42.5,-5,185.201,190.846,0.03048
45,-5,183.366,183.192,0.000949
47.5,-5,178.721,173.04,0.031787
50,-5,174.701,175.144,0.002536
52.5,-5,173.953,172.747,0.006933
55,-5,173.332,170.364,0.017123
57.5,-5,175.757,177.935,0.012392
60,-5,177.699,170.268,0.041818
62.5,-5,176.917,174.5,0.013662
65,-5,179.472,183.264,0.021129
67.5,-5,181.15,177.206,0.021772
70,-5,183.671,185.076,0.00765
72.5,-5,187.951,189.482,0.008146
75,-5,187.771,186.987,0.004175
77.5,-5,188.05,181.759,0.033454
80,-5,187.451,189.292,0.009821
82.5,-5,186.018,185.039,0.005263
85,-5,187.888,186.954,0.004971
87.5,-5,187.999,186.759,0.006596
90,-5,189.227,187.527,0.008984
92.5,-5,190.215,195.1,0.025681
95,-5,191.125,184.882,0.032664
97.5,-5,194.224,181.874,0.063586
100,-5,195.376,199.161,0.019373
102.5,-5,196.662,193.786,0.014624
105,-5,197.185,194.967,0.011248
107.5,-5,195.987,189.412,0.033548
110,-5,196.117,182.784,0.067985
112.5,-5,196.275,195.684,0.003011
115,-5,198.197,191.769,0.032432
117.5,-5,199.149,188.354,0.054206
120,-5,199.792,190.334,0.047339
122.5,-5,200.421,203.895,0.017334
125,-5,198.376,192.391,0.03017
127.5,-5,199.157,200.527,0.006879
130,-5,198.892,191.431,0.037513
132.5,-5,199.116,192.528,0.033086
135,-5,201.129,194.765,0.031641
137.5,-5,200.383,194.324,0.030237
140,-5,200.837,194.03,0.033893
-138.75,-6.25,313.228,322.153,0.028494
-136.25,-6.25,313.882,320.697,0.021712
-133.75,-6.25,314.085,315.25,0.003709
-131.25,-6.25,314.586,318.632,0.012861
-128.75,-6.25,315.023,309.63,0.017119
-126.25,-6.25,314.83,313.18,0.005241
-123.75,-6.25,314.611,320.816,0.019723
-121.25,-6.25,314.962,325.321,0.03289
-118.75,-6.25,314.343,330.644,0.051857
-116.25,-6.25,313.59,317.845,0.013569
-113.75,-6.25,313.528,324.823,0.036025
-111.25,-6.25,313.711,313.732,6.7e-05
-108.75,-6.25,313.593,318.215,0.014739
-106.25,-6.25,313.059,321.999,0.028557
-103.75,-6.25,312.639,303.17,0.030287
-101.25,-6.25,311.767,296.364,0.049405
-98.75,-6.25,310.524,315.952,0.01748
-96.25,-6.25,309.719,308.264,0.004698
-93.75,-6.25,308.588,326.585,0.05832
-91.25,-6.25,307.718,309.671,0.006347
-88.75,-6.25,307.321,304.204,0.010142
-86.25,-6.25,307.622,300.374,0.023561
-83.75,-6.25,307.757,303.368,0.014261
-81.25,-6.25,307.497,319.663,0.039565
-78.75,-6.25,306.903,282.722,0.07879
-76.25,-6.25,306.545,291.776,0.048179
-73.75,-6.25,305.558,307.145,0.005194
-71.25,-6.25,304.013,314.182,0.033449
-68.75,-6.25,302.723,313.522,0.035673
-66.25,-6.25,301.618,294.551,0.02343
-63.75,-6.25,299.951,302.418,0.008225
-61.25,-6.25,298.21,303.232,0.01684
-58.75,-6.25,296.233,288.635,0.025649
-56.25,-6.25,293.642,289.254,0.014943
-53.75,-6.25,291.139,262.089,0.099781
-51.25,-6.25,288.892,273.387,0.053671
-48.75,-6.25,286.257,305.124,0.065909
-46.25,-6.25,283.79,303.375,0.069012
-43.75,-6.25,281.287,291.916,0.037787
-41.25,-6.25,278.837,289.482,0.038176
-38.75,-6.25,275.871,276.174,0.001098
-36.25,-6.25,272.753,279.539,0.02488
-33.75,-6.25,269.581,262.039,0.027977
-31.25,-6.25,267.223,277.577,0.038747
-28.75,-6.25,265.463,266.161,0.002629
-26.25,-6.25,264.014,258.751,0.019935
-23.75,-6.25,262.862,267.952,0.019364
-21.25,-6.25,261.291,272.062,0.041222
-18.75,-6.25,258.623,258.304,0.001233
-16.25,-6.25,254.824,269.806,0.058794
-13.75,-6.25,250.328,250.621,0.00117
-11.25,-6.25,244.613,247.378,0.011304
-8.75,-6.25,238.713,220.711,0.075413
-6.25,-6.25,232.578,244.721,0.05221
-3.75,-6.25,227.051,229.756,0.011914
-1.25,-6.25,221.861,217.954,0.01761
1.25,-6.25,217.574,211.615,0.027388
3.75,-6.25,213.066,204.332,0.040992
6.25,-6.25,208.937,205.942,0.014334
8.75,-6.25,204.977,199.532,0.026564
11.25,-6.25,201.257,196.326,0.024501
13.75,-6.25,197.073,191.185,0.029877
16.25,-6.25,193.793,184.056,0.050244
18.75,-6.25,190.407,187.97,0.012799
21.25,-6.25,187.118,190.172,0.016321
23.75,-6.25,185.06,192.086,0.037966
26.25,-6.25,184.32,172.307,0.065175
28.75,-6.25,183.198,184.691,0.00815
31.25,-6.25,182.73,177.907,0.026394
33.75,-6.25,183.268,167.747,0.08469
36.25,-6.25,183.843,191.318,0.04066
38.75,-6.25,182.341,182.653,0.001711
41.25,-6.25,180.037,170.947,0.05049
43.75,-6.25,176.947,174.953,0.011269
46.25,-6.25,172.768,166.66,0.035354
48.75,-6.25,168.762,168.59,0.001019
51.25,-6.25,165.998,163.637,0.014223
53.75,-6.25,163.872,174.184,0.062927
56.25,-6.25,163.685,159.46,0.025812
58.75,-6.25,165.079,162.519,0.015508
61.25,-6.25,167.07,165.73,0.008021
63.75,-6.25,169.806,166.717,0.018191
66.25,-6.25,173.107,171.999,0.006401
68.75,-6.25,176.126,171.491,0.026316
71.25,-6.25,178.106,172.706,0.030319
73.75,-6.25,180.157,174.441,0.031728
76.25,-6.25,180.4,190.13,0.053936
78.75,-6.25,179.802,187.188,0.041079
81.25,-6.25,179.615,174.076,0.030838
83.75,-6.25,179.482,181.991,0.013979
86.25,-6.25,179.174,173.862,0.029647
88.75,-6.25,180.164,179.086,0.005983
91.25,-6.25,181.829,175.712,0.033641
93.75,-6.25,184.507,178.442,0.032871
96.25,-6.25,186.671,182.646,0.021562
98.75,-6.25,188.58,186,0.013681
101.25,-6.25,190.398,194.719,0.022695
103.75,-6.25,191.891,190.482,0.007343
106.25,-6.25,192.135,190.936,0.00624
108.75,-6.25,193.179,184.479,0.045036
111.25,-6.25,194.354,192.926,0.007347
113.75,-6.25,195.217,193.934,0.006572
116.25,-6.25,195.408,186.004,0.048125
118.75,-6.25,197.258,193.353,0.019796
121.25,-6.25,197.684,193.562,0.020851
123.75,-6.25,197.182,201.54,0.022101
126.25,-6.25,197.3,203.798,0.032935
128.75,-6.25,198.432,198.567,0.00068
131.25,-6.25,198.191,194.49,0.018674
133.75,-6.25,198.159,194.654,0.017688
136.25,-6.25,199.658,195.655,0.020049
-135,-7.5,346.33,343.982,0.00678
-132.5,-7.5,346.038,345.963,0.000217
-130,-7.5,346.513,345.964,0.001584
-127.5,-7.5,346.626,357.015,0.029972
-125,-7.5,346.789,351.122,0.012495
-122.5,-7.5,346.718,343.076,0.010504
-120,-7.5,346.269,361.409,0.043723
-117.5,-7.5,346.34,334.08,0.035399
-115,-7.5,345.925,349.861,0.011378
-112.5,-7.5,345.476,339.512,0.017263
-110,-7.5,344.787,354.847,0.029177
-107.5,-7.5,343.89,326.502,0.050563
-105,-7.5,343.27,355.904,0.036805
-102.5,-7.5,342.461,343.406,0.002759
-100,-7.5,341.062,334.817,0.01831
-97.5,-7.5,339.792,351.23,0.033662
-95,-7.5,338.574,328.441,0.029928
-92.5,-7.5,337.994,328.453,0.028228
-90,-7.5,337.392,346.793,0.027864
-87.5,-7.5,336.704,328.306,0.024942
-85,-7.5,336.425,323.776,0.037598
-82.5,-7.5,336.166,319.69,0.049012
-80,-7.5,336.263,340.067,0.011313
-77.5,-7.5,335.69,331.431,0.012687
-75,-7.5,334.658,336.618,0.005857
-72.5,-7.5,333.465,315.984,0.052422
-70,-7.5,332.346,333.171,0.002482
-67.5,-7.5,330.42,322.339,0.024457
-65,-7.5,327.632,331.164,0.01078
-62.5,-7.5,324.605,308.694,0.049016
-60,-7.5,321.646,315.322,0.019661
-57.5,-7.5,318.859,317.529,0.004171
-55,-7.5,315.111,318.439,0.010561
-52.5,-7.5,311.178,321.426,0.032933
-50,-7.5,307.259,291.477,0.051364
-47.5,-7.5,303.398,327.743,0.080241
-45,-7.5,299.124,295.366,0.012563
-42.5,-7.5,294.613,286.789,0.026557
-40,-7.5,290.693,293.27,0.008865
-37.5,-7.5,287.069,274.712,0.043045
-35,-7.5,284.417,301.323,0.059441
-32.5,-7.5,282.444,257.41,0.088633
-30,-7.5,281.346,284.891,0.0126
-27.5,-7.5,280.724,280.757,0.000118
-25,-7.5,280.269,280.026,0.000867
-22.5,-7.5,278.857,278.837,7.2e-05
-20,-7.5,275.682,273.983,0.006163
-17.5,-7.5,271.774,281.751,0.036711
-15,-7.5,267.103,274.009,0.025855
-12.5,-7.5,261.285,253.64,0.029259
-10,-7.5,254.706,246.857,0.030816
-7.5,-7.5,247.622,249.222,0.006461
-5,-7.5,241.305,234.311,0.028984
-2.5,-7.5,235.291,231.519,0.016031
0,-7.5,228.972,233.369,0.019203
2.5,-7.5,222.255,220.378,0.008445
5,-7.5,216.224,210.758,0.025279
7.5,-7.5,210.775,216.044,0.024998
10,-7.5,204.751,203.054,0.008288
12.5,-7.5,198.419,200.533,0.010654
15,-7.5,193.229,206.453,0.068437
17.5,-7.5,189.052,182.737,0.033404
20,-7.5,185.235,185.06,0.000945
22.5,-7.5,181.715,189.608,0.043436
25,-7.5,179.241,169.001,0.05713
27.5,-7.5,179.014,171.897,0.039757
30,-7.5,179.713,186.939,0.040209
32.5,-7.5,179.521,174.63,0.027245
35,-7.5,179.413,170.172,0.051507
37.5,-7.5,178.74,174.291,0.024891
40,-7.5,177.111,185.735,0.048693
42.5,-7.5,174.307,169.639,0.02678
45,-7.5,170.198,181.09,0.063996
47.5,-7.5,165.874,167.752,0.011322
50,-7.5,161.768,164.107,0.014459
52.5,-7.5,158.899,157.781,0.007036
55,-7.5,157.85,149.074,0.055597
57.5,-7.5,157.775,154.899,0.018228
60,-7.5,159.016,167.429,0.052907
62.5,-7.5,162.258,151.687,0.065149
65,-7.5,166.28,161.745,0.027273
67.5,-7.5,169.501,167.032,0.014566
70,-7.5,171.547,171.414,0.000775
72.5,-7.5,173.09,177.414,0.024981
75,-7.5,174.509,179.953,0.031196
77.5,-7.5,174.17,172.255,0.010995
80,-7.5,172.848,171.243,0.009286
82.5,-7.5,171.883,174.331,0.014242
85,-7.5,171.245,170.515,0.004263
87.5,-7.5,172.002,174.001,0.011622
90,-7.5,172.772,178.583,0.033634
92.5,-7.5,174.702,164.953,0.055804
95,-7.5,177.127,179.564,0.013758
97.5,-7.5,179.672,172.573,0.039511
100,-7.5,182.483,182.413,0.000384
102.5,-7.5,184.123,180.001,0.022387
105,-7.5,185.82,180.215,0.030164
107.5,-7.5,188.222,181.951,0.033317
110,-7.5,190.191,189.567,0.003281
112.5,-7.5,191.661,193.348,0.008802
115,-7.5,192.356,188.888,0.018029
117.5,-7.5,193.537,195.386,0.009554
120,-7.5,195.115,197.231,0.010845
122.5,-7.5,195.511,195.433,0.000399
125,-7.5,196.583,200.678,0.020831
127.5,-7.5,196.978,190.82,0.031262
130,-7.5,197.359,201.132,0.019117
132.5,-7.5,197.736,194.537,0.016178
-131.25,-8.75,374.999,366.997,0.021339
-128.75,-8.75,375.418,367.759,0.020401
-126.25,-8.75,375.547,370.939,0.01227
-123.75,-8.75,375.339,362.617,0.033895
-121.25,-8.75,375.214,382.49,0.019392
-118.75,-8.75,375.03,378.011,0.007949
-116.25,-8.75,374.73,366.678,0.021487
-113.75,-8.75,374.096,382.304,0.021941
-111.25,-8.75,372.924,373.512,0.001577
-108.75,-8.75,371.9,373.033,0.003047
-106.25,-8.75,370.852,362.191,0.023354
-103.75,-8.75,369.663,359.899,0.026413
-101.25,-8.75,368.313,375.509,0.019538
-98.75,-8.75,366.843,367.91,0.002909
-96.25,-8.75,365.544,345.971,0.053545
-93.75,-8.75,364.574,348.531,0.044005
-91.25,-8.75,363.762,371.288,0.020689
-88.75,-8.75,363.289,356.006,0.020047
-86.25,-8.75,362.924,381.922,0.052347
-83.75,-8.75,362.62,366.244,0.009994
-81.25,-8.75,362.311,366.244,0.010855
-78.75,-8.75,361.905,363.523,0.004471
-76.25,-8.75,361.302,376.903,0.04318
-73.75,-8.75,360.214,370.46,0.028444
-71.25,-8.75,358.449,347.338,0.030997
-68.75,-8.75,356.105,361.384,0.014824
-66.25,-8.75,353.164,353.272,0.000306
-63.75,-8.75,349.615,351.994,0.006805
-61.25,-8.75,345.487,337.829,0.022166
-58.75,-8.75,341.022,335.199,0.017075
-56.25,-8.75,336.1,349.473,0.039789
-53.75,-8.75,330.933,310.171,0.062738
-51.25,-8.75,325.275,344.071,0.057785
-48.75,-8.75,319.329,323.383,0.012695
-46.25,-8.75,313.5,314.15,0.002073
-43.75,-8.75,308.128,309.488,0.004414
-41.25,-8.75,303.426,329.271,0.085177
-38.75,-8.75,299.658,293.61,0.020183
-36.25,-8.75,297.256,294.894,0.007946
-33.75,-8.75,296.227,300.38,0.01402
-31.25,-8.75,296.023,285.303,0.036213
-28.75,-8.75,295.969,292.565,0.011501
-26.25,-8.75,295.482,305.973,0.035505
-23.75,-8.75,294.087,293.51,0.001962
-21.25,-8.75,291.753,282.971,0.030101
-18.75,-8.75,288.197,288.439,0.00084
-16.25,-8.75,282.816,283.616,0.002829
-13.75,-8.75,276.314,267.217,0.032923
-11.25,-8.75,269.264,268.217,0.003888
-8.75,-8.75,261.736,266.937,0.019871
-6.25,-8.75,254.53,259.699,0.020308
-3.75,-8.75,247.369,241.967,0.021838
-1.25,-8.75,239.877,239.151,0.003027
1.25,-8.75,232.462,230.572,0.00813
3.75,-8.75,225.367,221.101,0.018929
6.25,-8.75,218.036,213.15,0.022409
8.75,-8.75,210.831,208.731,0.009961
11.25,-8.75,203.021,205.545,0.012432
13.75,-8.75,195.648,187.24,0.042975
16.25,-8.75,189.821,191.097,0.006722
18.75,-8.75,185.081,176.613,0.045753
21.25,-8.75,181.237,170.105,0.061422
23.75,-8.75,178.886,181.239,0.013154
26.25,-8.75,177.849,174.959,0.01625
28.75,-8.75,178.088,170.929,0.040199
31.25,-8.75,178.192,175.484,0.015197
33.75,-8.75,178.083,170.896,0.040358
36.25,-8.75,177.331,173.718,0.020374
38.75,-8.75,176.237,181.605,0.030459
41.25,-8.75,174.251,171.447,0.016092
43.75,-8.75,170.494,171.583,0.006387
46.25,-8.75,165.691,159.543,0.037105
48.75,-8.75,161.796,152.516,0.057356
51.25,-8.75,158.538,161.796,0.02055
53.75,-8.75,156.626,151.139,0.035032
56.25,-8.75,155.613,150.035,0.035845
58.75,-8.75,155.509,157.617,0.013555
61.25,-8.75,158.245,155.084,0.019975
63.75,-8.75,161.833,153.26,0.052974
66.25,-8.75,164.861,154.695,0.061664
68.75,-8.75,167.439,173.728,0.03756
71.25,-8.75,168.742,167.618,0.006661
73.75,-8.75,169.648,172.773,0.01842
76.25,-8.75,170.379,165.694,0.027498
78.75,-8.75,169.25,166.662,0.015291
81.25,-8.75,167.218,163.753,0.020721
83.75,-8.75,165.427,165.501,0.000447
86.25,-8.75,164.693,164.231,0.002805
88.75,-8.75,164.94,167.026,0.012647
91.25,-8.75,165.636,166.643,0.00608
93.75,-8.75,166.751,173.406,0.03991
96.25,-8.75,169.013,164.526,0.026548
98.75,-8.75,171.619,164.758,0.039978
101.25,-8.75,174.782,178.749,0.022697
103.75,-8.75,177.744,182.031,0.024119
106.25,-8.75,180.667,182.788,0.01174
108.75,-8.75,183.209,182.39,0.00447
111.25,-8.75,185.731,184.1,0.008782
113.75,-8.75,187.794,181.056,0.03588
116.25,-8.75,189.852,188.903,0.004999
118.75,-8.75,191.734,193.405,0.008715
121.25,-8.75,193.421,190.406,0.015588
123.75,-8.75,194.549,194.245,0.001563
126.25,-8.75,195.399,194.08,0.00675
128.75,-8.75,196.327,201.158,0.024607
-127.5,-10,400.1,410.188,0.025214
-125,-10,400.091,403.284,0.007981
-122.5,-10,399.94,397.206,0.006836
-120,-10,399.442,395.174,0.010685
-117.5,-10,398.837,412.152,0.033385
-115,-10,398.105,407.456,0.023489
-112.5,-10,397.122,387.594,0.023993
-110,-10,396.09,390.654,0.013724
-107.5,-10,394.539,404.37,0.024918
-105,-10,392.925,385.772,0.018204
-102.5,-10,391.391,389.67,0.004397
-100,-10,389.986,383.463,0.016726
-97.5,-10,388.712,411.03,0.057415
-95,-10,387.586,403.104,0.040038
-92.5,-10,386.659,384.727,0.004997
-90,-10,386.119,390.67,0.011787
-87.5,-10,385.804,409.72,0.06199
-85,-10,385.717,400.087,0.037255
-82.5,-10,385.569,381.38,0.010864
-80,-10,385.135,379.287,0.015184
-77.5,-10,384.539,389.788,0.01365
-75,-10,383.185,392.032,0.023088
-72.5,-10,381.313,369.708,0.030434
-70,-10,378.602,367.675,0.028861
-67.5,-10,375.22,381.406,0.016486
-65,-10,371.229,370.198,0.002777
-62.5,-10,366.381,377.145,0.029379
-60,-10,360.611,372.711,0.033554
-57.5,-10,354.022,348.539,0.015488
-55,-10,347.098,346.995,0.000297
-52.5,-10,339.717,343.664,0.011618
-50,-10,332.477,339.277,0.020453
-47.5,-10,325.585,328.388,0.008609
-45,-10,319.48,325.501,0.018846
-42.5,-10,314.558,310.824,0.011871
-40,-10,311.205,308.559,0.008502
-37.5,-10,309.514,304.197,0.017179
-35,-10,308.941,316.401,0.024147
-32.5,-10,309.294,308.588,0.002283
-30,-10,309.531,305.746,0.012228
-27.5,-10,309.282,318.427,0.029568
-25,-10,308.135,299.845,0.026904
-22.5,-10,305.937,312.006,0.019837
-20,-10,302.302,308.861,0.021697
-17.5,-10,297.175,292.224,0.01666
-15,-10,290.406,289.14,0.004359
-12.5,-10,282.425,289.859,0.026322
-10,-10,273.992,275.649,0.006048
-7.5,-10,265.658,267.376,0.006467
-5,-10,257.356,253.316,0.015698
-2.5,-10,248.996,246.137,0.011482
0,-10,240.717,234.58,0.025495
2.5,-10,232.753,232.367,0.001658
5,-10,224.916,222.376,0.011293
7.5,-10,217.034,212.436,0.021186
10,-10,208.919,214.24,0.025469
12.5,-10,201.141,207.617,0.032196
15,-10,194.207,183.003,0.057691
17.5,-10,188.311,192.426,0.021852
20,-10,184.206,183.803,0.002188
22.5,-10,181.797,179.69,0.01159
25,-10,180.532,177.699,0.015693
27.5,-10,179.863,180.356,0.002741
30,-10,179.565,177.935,0.009077
32.5,-10,179.428,176.177,0.018119
35,-10,179.167,178.928,0.001334
37.5,-10,178.291,170.761,0.042234
40,-10,176.097,176.048,0.000278
42.5,-10,172.567,175.353,0.016144
45,-10,168.445,162.46,0.035531
47.5,-10,164.661,161.022,0.0221
50,-10,161.326,158.087,0.020077
52.5,-10,158.854,157.133,0.010834
55,-10,157.206,156.233,0.006189
57.5,-10,156.47,160.579,0.026261
60,-10,157.495,155.233,0.014362
62.5,-10,160.11,163.207,0.019343
65,-10,163.034,166.974,0.024167
67.5,-10,165.484,161.953,0.021337
70,-10,166.994,168.098,0.006611
72.5,-10,167.68,169.628,0.011617
75,-10,167.81,172.202,0.026172
77.5,-10,167.223,171.525,0.025726
80,-10,165.682,167.705,0.01221
82.5,-10,163.371,168.248,0.029852
85,-10,161.041,157.943,0.019237
87.5,-10,159.006,157.645,0.008559
90,-10,158.166,159.124,0.006057
92.5,-10,158.296,154.464,0.024208
95,-10,159.106,163.971,0.030577
97.5,-10,160.789,167.339,0.040737
100,-10,163.724,160.882,0.017358
102.5,-10,167.024,172.953,0.035498
105,-10,170.553,177.814,0.042573
107.5,-10,174.271,176.6,0.013364
110,-10,177.588,184.066,0.036478
112.5,-10,180.698,178.962,0.009607
115,-10,184.012,188.332,0.023477
117.5,-10,187.168,189.866,0.014415
120,-10,189.33,188.7,0.003328
122.5,-10,191.357,195.349,0.020862
125,-10,193.096,190.911,0.011316
-123.75,-11.25,419.875,411.61,0.019684
-121.25,-11.25,419.159,414.575,0.010936
-118.75,-11.25,418.413,413.97,0.010619
-116.25,-11.25,417.521,415.247,0.005446
-113.75,-11.25,416.612,421.776,0.012395
-111.25,-11.25,415.337,430.88,0.037423
-108.75,-11.25,413.762,417.311,0.008577
-106.25,-11.25,412.255,413.254,0.002423
-103.75,-11.25,410.475,407.275,0.007796
-101.25,-11.25,409.028,421.804,0.031235
-98.75,-11.25,407.768,399.463,0.020367
-96.25,-11.25,406.707,409.833,0.007686
-93.75,-11.25,406.05,395.599,0.025738
-91.25,-11.25,405.598,413.456,0.019374
-88.75,-11.25,405.336,415.535,0.025162
-86.25,-11.25,405.151,423.481,0.045242
-83.75,-11.25,405.082,428.173,0.057003
-81.25,-11.25,405.072,410.604,0.013657
-78.75,-11.25,404.378,399.792,0.011341
-76.25,-11.25,402.763,380.028,0.056448
-73.75,-11.25,400.523,387.611,0.032238
-71.25,-11.25,397.615,398.057,0.001112
-68.75,-11.25,393.927,408.951,0.038139
-66.25,-11.25,389.132,403.878,0.037895
-63.75,-11.25,383.182,386.627,0.008991
-61.25,-11.25,376.39,377.233,0.00224
-58.75,-11.25,368.611,369.588,0.00265
-56.25,-11.25,360.144,372.57,0.034503
-53.75,-11.25,351.374,346.416,0.01411
-51.25,-11.25,343.13,359.265,0.047023
-48.75,-11.25,335.811,331.253,0.013573
-46.25,-11.25,329.723,342.075,0.037462
-43.75,-11.25,325.177,346.687,0.066149
-41.25,-11.25,322.231,326.508,0.013273
-38.75,-11.25,320.924,333.146,0.038084
-36.25,-11.25,320.976,334.195,0.041184
-33.75,-11.25,321.588,315.617,0.018567
-31.25,-11.25,321.982,301.685,0.063038
-28.75,-11.25,321.927,330.084,0.025338
-26.25,-11.25,321.007,326.538,0.01723
-23.75,-11.25,318.736,320.99,0.007072
-21.25,-11.25,314.969,322.221,0.023024
-18.75,-11.25,309.545,296.346,0.04264
-16.25,-11.25,302.659,295.849,0.022501
-13.75,-11.25,294.473,304.917,0.035467
-11.25,-11.25,285.135,282.813,0.008144
-8.75,-11.25,275.251,264.746,0.038165
-6.25,-11.25,265.466,270.214,0.017886
-3.75,-11.25,255.926,258.577,0.010358
-1.25,-11.25,246.673,238.122,0.034665
1.25,-11.25,237.743,250.592,0.054046
3.75,-11.25,229.318,220.665,0.037734
6.25,-11.25,221.523,221.686,0.000736
8.75,-11.25,214.028,211.466,0.01197
11.25,-11.25,207.102,212.47,0.02592
13.75,-11.25,200.644,191.381,0.046166
16.25,-11.25,195.213,190.611,0.023574
18.75,-11.25,191.173,198.127,0.036375
21.25,-11.25,188.288,188.036,0.001338
23.75,-11.25,186.307,184.979,0.007128
26.25,-11.25,185.211,187.957,0.014826
28.75,-11.25,184.499,178.051,0.034949
31.25,-11.25,184.416,181.923,0.013518
33.75,-11.25,183.797,189.775,0.032525
36.25,-11.25,182.379,176.737,0.030936
38.75,-11.25,180.314,180.579,0.00147
41.25,-11.25,177.155,171.758,0.030465
43.75,-11.25,173.239,172.022,0.007025
46.25,-11.25,169.498,172.126,0.015505
48.75,-11.25,165.995,159.273,0.040495
51.25,-11.25,163.411,161.463,0.011921
53.75,-11.25,161.342,158.288,0.018929
56.25,-11.25,159.831,159.779,0.000325
58.75,-11.25,159.92,162.905,0.018666
61.25,-11.25,161.115,162.354,0.00769
63.75,-11.25,163.316,158.883,0.027144
66.25,-11.25,165.626,170.063,0.026789
68.75,-11.25,167.133,163.492,0.021785
71.25,-11.25,168.059,170.868,0.016714
73.75,-11.25,167.783,163.63,0.024752
76.25,-11.25,167.076,173.68,0.039527
78.75,-11.25,166.008,167.097,0.00656
81.25,-11.25,163.452,161.001,0.014995
83.75,-11.25,160.455,156.327,0.025727
86.25,-11.25,157.37,153.991,0.021472
88.75,-11.25,154.575,157.739,0.020469
91.25,-11.25,152.541,152.538,2e-05
93.75,-11.25,151.713,147.67,0.026649
96.25,-11.25,152.314,152.392,0.000512
98.75,-11.25,153.833,157.576,0.024332
101.25,-11.25,155.739,155.418,0.002061
103.75,-11.25,159.161,162.18,0.018968
106.25,-11.25,163.002,162.788,0.001313
108.75,-11.25,167.312,167.774,0.002761
111.25,-11.25,171.62,177.194,0.032479
113.75,-11.25,175.918,177.782,0.010596
116.25,-11.25,179.77,178.384,0.00771
118.75,-11.25,182.952,180.063,0.015791
121.25,-11.25,186.235,186.74,0.002712
-120,-12.5,433.357,432.03,0.003062
-117.5,-12.5,432.387,430.471,0.004431
-115,-12.5,431.259,432.737,0.003427
-112.5,-12.5,429.885,428.088,0.00418
-110,-12.5,428.473,425.445,0.007067
-107.5,-12.5,427.014,430.716,0.00867
-105,-12.5,425.529,422.221,0.007774
-102.5,-12.5,424.255,421.355,0.006836
-100,-12.5,423.053,410.329,0.030077
-97.5,-12.5,422.309,440.486,0.043042
-95,-12.5,421.842,414.021,0.01854
-92.5,-12.5,421.585,432.714,0.026398
-90,-12.5,421.499,419.297,0.005224
-87.5,-12.5,421.524,416.887,0.011001
-85,-12.5,421.546,421.906,0.000854
-82.5,-12.5,421.205,423.192,0.004717
-80,-12.5,420.319,441.902,0.051349
-77.5,-12.5,418.836,415.823,0.007194
-75,-12.5,416.583,416.27,0.000751
-72.5,-12.5,413.181,410.498,0.006494
-70,-12.5,408.733,415.105,0.01559
-67.5,-12.5,403.054,386.229,0.041744
-65,-12.5,396.313,410.415,0.035583
-62.5,-12.5,388.34,394.64,0.016223
-60,-12.5,379.308,395.491,0.042665
-57.5,-12.5,369.931,379.423,0.025659
-55,-12.5,360.812,362.487,0.004642
-52.5,-12.5,352.455,336.761,0.044528
-50,-12.5,345.016,342.772,0.006504
-47.5,-12.5,339.262,344.1,0.01426
-45,-12.5,335.259,338.749,0.01041
-42.5,-12.5,332.969,339.708,0.020239
-40,-12.5,332.085,323.626,0.025472
-37.5,-12.5,332.144,333.369,0.003688
-35,-12.5,332.904,339.266,0.019111
-32.5,-12.5,333.736,335.485,0.005241
-30,-12.5,333.968,347.787,0.041378
-27.5,-12.5,332.774,332.923,0.000448
-25,-12.5,330.32,321.831,0.025699
-22.5,-12.5,326.331,315.107,0.034395
-20,-12.5,320.806,329.034,0.025648
-17.5,-12.5,313.61,305.845,0.02476
-15,-12.5,304.879,304.783,0.000315
-12.5,-12.5,294.86,279.172,0.053205
-10,-12.5,284.108,299.95,0.05576
-7.5,-12.5,272.92,272.197,0.002649
-5,-12.5,261.633,266.434,0.01835
-2.5,-12.5,250.845,245.188,0.022552
0,-12.5,240.925,250.081,0.038004
2.5,-12.5,232.099,230.348,0.007544
5,-12.5,224.321,231.838,0.03351
7.5,-12.5,217.435,218.148,0.003279
10,-12.5,211.648,198.163,0.063714
12.5,-12.5,207.071,213.272,0.029946
15,-12.5,203.269,201.189,0.010233
17.5,-12.5,200.074,202.826,0.013755
20,-12.5,197.463,193.389,0.020632
22.5,-12.5,195.565,190.287,0.026988
25,-12.5,194.125,191.931,0.011302
27.5,-12.5,193.114,192.894,0.001139
30,-12.5,192.22,196.291,0.021179
32.5,-12.5,191.116,195.112,0.020909
35,-12.5,189.444,189.762,0.001679
37.5,-12.5,186.865,181.52,0.028604
40,-12.5,183.507,185.868,0.012866
42.5,-12.5,179.854,173.669,0.034389
45,-12.5,176.14,174.72,0.008062
47.5,-12.5,172.36,174.275,0.01111
50,-12.5,169.315,168.982,0.001967
52.5,-12.5,166.79,164.894,0.011368
55,-12.5,164.795,158.592,0.037641
57.5,-12.5,164.063,167.11,0.018572
60,-12.5,164.448,163.514,0.00568
62.5,-12.5,165.522,162.705,0.017019
65,-12.5,167.189,166.088,0.006585
67.5,-12.5,168.773,173.797,0.029768
70,-12.5,169.626,166.778,0.01679
72.5,-12.5,169.857,164.853,0.02946
75,-12.5,169.175,165.381,0.022426
77.5,-12.5,167.594,174.91,0.043653
80,-12.5,165.437,162.056,0.020437
82.5,-12.5,162.291,158.749,0.021825
85,-12.5,158.417,157.556,0.005435
87.5,-12.5,154.623,155.362,0.004779
90,-12.5,151.309,151.352,0.000284
92.5,-12.5,148.791,144.711,0.027421
95,-12.5,147.079,145.521,0.010593
97.5,-12.5,146.453,147.826,0.009375
100,-12.5,147.188,153.532,0.043101
102.5,-12.5,149.119,155.058,0.039827
105,-12.5,151.939,152.908,0.006378
107.5,-12.5,155.94,162.192,0.040092
110,-12.5,160.593,161.951,0.008456
112.5,-12.5,165.42,164.531,0.005374
115,-12.5,170.129,170.276,0.000864
117.5,-12.5,174.511,178.616,0.023523
-116.25,-13.75,441.342,431.53,0.022232
-113.75,-13.75,440.059,433.582,0.014718
-111.25,-13.75,438.841,439.821,0.002233
-108.75,-13.75,437.616,431.95,0.012947
-106.25,-13.75,436.484,443.703,0.016539
-103.75,-13.75,435.537,436.266,0.001674
-101.25,-13.75,434.833,437.881,0.00701
-98.75,-13.75,434.584,426.551,0.018484
-96.25,-13.75,434.363,439.799,0.012515
-93.75,-13.75,434.324,421.644,0.029195
-91.25,-13.75,434.505,425.355,0.021058
-88.75,-13.75,434.705,446.287,0.026643
-86.25,-13.75,434.712,421.679,0.029981
-83.75,-13.75,434.185,432.457,0.00398
-81.25,-13.75,433.11,448.324,0.035127
-78.75,-13.75,431.364,431.085,0.000647
-76.25,-13.75,428.739,423.623,0.011933
-73.75,-13.75,425.038,427.532,0.005868
-71.25,-13.75,419.905,397.932,0.052329
-68.75,-13.75,413.334,405.7,0.018469
-66.25,-13.75,405.487,389.226,0.040102
-63.75,-13.75,396.577,389.834,0.017003
-61.25,-13.75,386.987,369.693,0.044689
-58.75,-13.75,377.386,384.232,0.018141
-56.25,-13.75,368.278,360.209,0.02191
-53.75,-13.75,360.257,342.39,0.049595
-51.25,-13.75,353.697,347.049,0.018796
-48.75,-13.75,348.633,358.183,0.027393
-46.25,-13.75,345.056,359.02,0.040469
-43.75,-13.75,343.092,339.185,0.011388
-41.25,-13.75,342.423,355.992,0.039626
-38.75,-13.75,342.772,331.663,0.032409
-36.25,-13.75,343.803,341.346,0.007147
-33.75,-13.75,344.775,347.945,0.009194
-31.25,-13.75,344.866,345.343,0.001383
-28.75,-13.75,343.739,336.95,0.01975
-26.25,-13.75,341.116,338.357,0.008088
-23.75,-13.75,336.823,355.332,0.054952
-21.25,-13.75,330.906,323.253,0.023127
-18.75,-13.75,323.383,331.029,0.023644
-16.25,-13.75,314.268,299.018,0.048525
-13.75,-13.75,303.768,294.29,0.031201
-11.25,-13.75,292.186,286.089,0.020867
-8.75,-13.75,279.82,274.575,0.018744
-6.25,-13.75,267.172,271.312,0.015496
-3.75,-13.75,255.035,255.579,0.002133
-1.25,-13.75,243.98,236.691,0.029875
1.25,-13.75,234.423,232.902,0.006488
3.75,-13.75,226.516,226.697,0.000799
6.25,-13.75,220.162,230.994,0.0492
8.75,-13.75,215.493,218.142,0.012293
11.25,-13.75,212.347,205.325,0.033069
13.75,-13.75,210.191,220.312,0.048151
16.25,-13.75,208.419,203.601,0.023117
18.75,-13.75,207.203,204.055,0.015193
21.25,-13.75,206.337,202.841,0.016943
23.75,-13.75,205.625,207.07,0.007027
26.25,-13.75,204.536,209.654,0.025022
28.75,-13.75,202.991,200.739,0.011094
31.25,-13.75,201.042,211.067,0.049865
33.75,-13.75,198.771,199.696,0.004654
36.25,-13.75,195.863,196.054,0.000975
38.75,-13.75,192.16,183.698,0.044036
41.25,-13.75,187.98,186.52,0.007767
43.75,-13.75,183.921,183.59,0.0018
46.25,-13.75,180.137,178.633,0.008349
48.75,-13.75,176.611,176.057,0.003137
51.25,-13.75,173.343,172.858,0.002798
53.75,-13.75,170.676,169.93,0.004371
56.25,-13.75,169.319,172.925,0.021297
58.75,-13.75,168.991,165.966,0.0179
61.25,-13.75,169.254,166.857,0.014162
63.75,-13.75,170.092,173.847,0.022076
66.25,-13.75,171.182,172.238,0.006169
68.75,-13.75,172.25,174.275,0.011756
71.25,-13.75,172.727,172.139,0.003404
73.75,-13.75,172.307,170.942,0.007922
76.25,-13.75,170.814,168.901,0.011199
78.75,-13.75,168.597,166.371,0.013203
81.25,-13.75,165.762,167.608,0.011136
83.75,-13.75,161.859,164.341,0.015334
86.25,-13.75,157.627,162.255,0.02936
88.75,-13.75,153.414,156.344,0.019099
91.25,-13.75,149.545,148.7,0.00565
93.75,-13.75,146.275,146.628,0.002413
96.25,-13.75,143.836,141.651,0.015191
98.75,-13.75,142.28,147.734,0.038333
101.25,-13.75,142.229,142.998,0.005407
103.75,-13.75,143.666,148.285,0.032151
106.25,-13.75,146.403,149.806,0.023244
108.75,-13.75,149.629,151.271,0.010974
111.25,-13.75,153.969,154.248,0.001812
113.75,-13.75,158.937,158.387,0.00346
-112.5,-15,445.161,437.658,0.016855
-110,-15,444.336,442.679,0.003729
-107.5,-15,443.677,448.18,0.010149
-105,-15,443.277,439.71,0.008047
-102.5,-15,443.2,447.829,0.010444
-100,-15,443.343,428.762,0.032889
-97.5,-15,443.613,444.541,0.002092
-95,-15,444.149,426.486,0.039768
-92.5,-15,444.54,430.738,0.031048
-90,-15,444.763,446.111,0.003031
-87.5,-15,444.617,454.13,0.021396
-85,-15,443.996,447.301,0.007444
-82.5,-15,442.806,455.215,0.028024
-80,-15,440.664,430.653,0.022718
-77.5,-15,437.468,435.814,0.003781
-75,-15,432.941,447.309,0.033187
-72.5,-15,427.067,420.874,0.014501
-70,-15,419.843,437.519,0.042101
-67.5,-15,411.338,401.386,0.024194
-65,-15,401.86,404.244,0.005932
-62.5,-15,392.231,381.821,0.02654
-60,-15,382.998,387.81,0.012564
-57.5,-15,374.555,383.515,0.023922
-55,-15,367.336,360.635,0.018242
-52.5,-15,361.495,341.722,0.054698
-50,-15,357.207,357.175,9e-05
-47.5,-15,354.339,354.414,0.000212
-45,-15,352.687,358.437,0.016303
-42.5,-15,352.096,350.527,0.004456
-40,-15,352.682,330.8,0.062045
-37.5,-15,353.927,345.889,0.022711
-35,-15,354.92,340.486,0.040668
-32.5,-15,355.024,360.876,0.016483
-30,-15,353.701,362.705,0.025457
-27.5,-15,350.936,353.224,0.00652
-25,-15,346.45,355.667,0.026604
-22.5,-15,340.242,333.775,0.019007
-20,-15,332.24,327.671,0.013752
-17.5,-15,322.754,318.039,0.014609
-15,-15,311.926,317.867,0.019046
-12.5,-15,299.95,301.113,0.003877
-10,-15,286.845,301.515,0.051143
-7.5,-15,273.202,268.856,0.015908
-5,-15,260.09,262.316,0.008559
-2.5,-15,248.281,246.654,0.006553
0,-15,238.128,239.825,0.007126
2.5,-15,229.791,232.021,0.009704
5,-15,223.592,221.553,0.009119
7.5,-15,219.533,214.77,0.021696
10,-15,217.222,221.731,0.020758
12.5,-15,215.933,218.332,0.01111
15,-15,215.523,217.33,0.008384
17.5,-15,215.742,204.944,0.050051
20,-15,216.419,212.698,0.017193
22.5,-15,216.937,220.737,0.017517
25,-15,216.644,219.982,0.015408
27.5,-15,215.444,221.63,0.028713
30,-15,213.299,215.492,0.010281
32.5,-15,210.336,213.293,0.014058
35,-15,206.804,216.717,0.047934
37.5,-15,202.513,193.087,0.046545
40,-15,197.822,193.055,0.024097
42.5,-15,193.348,199.8,0.03337
45,-15,188.876,185.306,0.018901
47.5,-15,184.781,186.574,0.009703
50,-15,181.05,179.232,0.010041
52.5,-15,177.723,180.899,0.017871
55,-15,175.494,179.495,0.022799
57.5,-15,174.287,171.427,0.01641
60,-15,173.883,167.647,0.035863
62.5,-15,174.007,173.176,0.004776
65,-15,174.475,174.856,0.002184
67.5,-15,175.313,172.828,0.014175
70,-15,175.858,170.876,0.02833
72.5,-15,175.651,180.085,0.025243
75,-15,174.73,175.21,0.002747
77.5,-15,172.735,174.72,0.011492
80,-15,169.983,171.898,0.011266
82.5,-15,166.846,169.476,0.015763
85,-15,162.742,169.846,0.043652
87.5,-15,158.116,156.695,0.008987
90,-15,153.371,152.719,0.004251
92.5,-15,148.925,149.325,0.002686
95,-15,145.134,150.346,0.035912
97.5,-15,142.105,142.439,0.00235
100,-15,140.168,140.287,0.000849
102.5,-15,139.392,140.992,0.011478
105,-15,139.844,141.614,0.012657
107.5,-15,141.588,145.464,0.027375
110,-15,144.576,145.925,0.009331
-108.75,-16.25,447.444,444.289,0.007051
-106.25,-16.25,447.715,450.96,0.007248
-103.75,-16.25,448.226,435.709,0.027926
-101.25,-16.25,448.884,461.372,0.02782
-98.75,-16.25,449.752,458.415,0.019262
-96.25,-16.25,450.707,451.413,0.001566
-93.75,-16.25,451.393,452.337,0.002091
-91.25,-16.25,451.761,458.829,0.015645
-88.75,-16.25,451.55,464.942,0.029658
-86.25,-16.25,450.786,453.103,0.00514
-83.75,-16.25,449.225,447.586,0.003649
-81.25,-16.25,446.537,440.845,0.012747
-78.75,-16.25,442.662,451.439,0.019828
-76.25,-16.25,437.398,418.478,0.043256
-73.75,-16.25,430.721,420.037,0.024805
-71.25,-16.25,422.78,438.625,0.037478
-68.75,-16.25,413.924,421.055,0.017228
-66.25,-16.25,404.883,400.837,0.009993
-63.75,-16.25,395.914,390.259,0.014283
-61.25,-16.25,387.387,383.635,0.009685
-58.75,-16.25,379.891,390.833,0.028803
-56.25,-16.25,373.664,378.805,0.013758
-53.75,-16.25,368.703,356.501,0.033094
-51.25,-16.25,365.015,379.855,0.040656
-48.75,-16.25,362.475,362.562,0.00024
-46.25,-16.25,361.159,375.408,0.039454
-43.75,-16.25,361.108,356.101,0.013866
-41.25,-16.25,361.961,378.272,0.045063
-38.75,-16.25,363.088,354.135,0.024658
-36.25,-16.25,364.008,373.585,0.02631
-33.75,-16.25,364.004,370.42,0.017626
-31.25,-16.25,362.714,362.014,0.00193
-28.75,-16.25,359.798,355.011,0.013305
-26.25,-16.25,355.042,369.956,0.042006
-23.75,-16.25,348.493,354.943,0.018508
-21.25,-16.25,340.343,338.659,0.004948
-18.75,-16.25,330.676,328.768,0.00577
-16.25,-16.25,319.592,311.887,0.024109
-13.75,-16.25,307.354,308.96,0.005225
-11.25,-16.25,294.207,283.379,0.036804
-8.75,-16.25,280.574,272.972,0.027094
-6.25,-16.25,267.107,278.347,0.042081
-3.75,-16.25,254.615,247.62,0.027473
-1.25,-16.25,243.947,239.603,0.017807
1.25,-16.25,235.505,235.792,0.001219
3.75,-16.25,229.173,218.382,0.047087
6.25,-16.25,224.917,237.079,0.054073
8.75,-16.25,222.484,230.841,0.037562
11.25,-16.25,221.64,220.305,0.006023
13.75,-16.25,222.066,227.666,0.025218
16.25,-16.25,223.343,224.661,0.005901
18.75,-16.25,224.894,232.872,0.035474
21.25,-16.25,226.381,224.738,0.007258
23.75,-16.25,227.272,239.571,0.054116
26.25,-16.25,227.155,229.693,0.011173
28.75,-16.25,225.741,221.803,0.017445
31.25,-16.25,223.057,234.224,0.050063
33.75,-16.25,219.173,213.442,0.026148
36.25,-16.25,214.362,215.379,0.004744
38.75,-16.25,209.166,214.186,0.024
41.25,-16.25,203.902,205.531,0.007989
43.75,-16.25,198.811,194.673,0.020814
46.25,-16.25,194.145,198.296,0.021381
48.75,-16.25,189.747,196.095,0.033455
51.25,-16.25,185.649,186.756,0.005963
53.75,-16.25,182.654,181.362,0.007073
56.25,-16.25,180.65,181.963,0.007268
58.75,-16.25,179.273,178.205,0.005957
61.25,-16.25,178.672,178.293,0.002121
63.75,-16.25,178.545,173.589,0.027758
66.25,-16.25,178.694,181.148,0.013733
68.75,-16.25,178.969,174.94,0.022512
71.25,-16.25,179.074,181.525,0.013687
73.75,-16.25,178.451,178.874,0.00237
76.25,-16.25,177.054,180.384,0.018808
78.75,-16.25,174.952,169.466,0.031357
81.25,-16.25,172.127,174.04,0.011114
83.75,-16.25,168.744,168.095,0.003846
86.25,-16.25,164.402,166.715,0.014069
88.75,-16.25,159.503,164.418,0.030814
91.25,-16.25,154.471,152.391,0.013465
93.75,-16.25,149.698,148.638,0.007081
96.25,-16.25,145.469,149.558,0.028109
98.75,-16.25,142.154,141.092,0.007471
101.25,-16.25,139.612,137.323,0.016395
103.75,-16.25,138.045,140.453,0.017444
106.25,-16.25,137.628,138.806,0.008559
-105,-17.5,450.048,450.888,0.001866
-102.5,-17.5,451.384,443.814,0.016771
-100,-17.5,452.803,452.845,9.3e-05
-97.5,-17.5,454.009,453.576,0.000954
-95,-17.5,454.943,440.766,0.031162
-92.5,-17.5,455.458,447.409,0.017672
-90,-17.5,455.332,455.582,0.000549
-87.5,-17.5,454.447,445.046,0.020687
-85,-17.5,452.346,462.145,0.021663
-82.5,-17.5,449.002,445.318,0.008205
-80,-17.5,444.382,434.823,0.021511
-77.5,-17.5,438.354,433.203,0.011751
-75,-17.5,431.151,425.274,0.013631
-72.5,-17.5,422.976,422.356,0.001466
-70,-17.5,414.484,415.424,0.002268
-67.5,-17.5,406.062,409.738,0.009053
-65,-17.5,398.003,386.484,0.028942
-62.5,-17.5,390.845,403.06,0.031253
-60,-17.5,384.61,393.598,0.023369
-57.5,-17.5,379.262,361.055,0.048006
-55,-17.5,375.004,365.918,0.024229
-52.5,-17.5,371.775,373.702,0.005183
-50,-17.5,369.655,372.442,0.007539
-47.5,-17.5,368.775,367.419,0.003677
-45,-17.5,368.93,375.043,0.01657
-42.5,-17.5,369.866,366.434,0.009279
-40,-17.5,371.187,384.611,0.036165
-37.5,-17.5,372.105,381.296,0.0247
-35,-17.5,371.921,382.103,0.027377
-32.5,-17.5,370.378,357.655,0.034351
-30,-17.5,367.313,361.815,0.014968
-27.5,-17.5,362.448,357.688,0.013133
-25,-17.5,355.825,342.756,0.036729
-22.5,-17.5,347.533,342.045,0.015791
-20,-17.5,337.807,334.717,0.009147
-17.5,-17.5,326.84,324.139,0.008264
-15,-17.5,314.967,322.303,0.023291
-12.5,-17.5,302.268,296.693,0.018444
-10,-17.5,289.174,284.857,0.014929
-7.5,-17.5,276.194,264.781,0.041322
-5,-17.5,263.861,255.302,0.032438
-2.5,-17.5,252.945,251.74,0.004764
0,-17.5,244.015,238.218,0.023757
2.5,-17.5,237.216,234.22,0.01263
5,-17.5,232.376,231.294,0.004656
7.5,-17.5,229.575,232.138,0.011164
10,-17.5,228.503,228.181,0.001409
12.5,-17.5,228.952,228.47,0.002105
15,-17.5,230.463,238.311,0.034053
17.5,-17.5,232.489,230.149,0.010065
20,-17.5,234.402,231.559,0.012129
22.5,-17.5,235.874,237.483,0.006821
25,-17.5,236.645,236.091,0.002341
27.5,-17.5,236.262,239.275,0.012753
30,-17.5,234.506,238.601,0.017462
32.5,-17.5,231.259,234.303,0.013163
35,-17.5,226.703,232.882,0.027256
37.5,-17.5,221.293,216.615,0.021139
40,-17.5,215.559,214.75,0.003753
42.5,-17.5,209.794,208.181,0.007688
45,-17.5,204.434,206.476,0.009989
47.5,-17.5,199.43,199.971,0.002713
50,-17.5,194.737,188.903,0.029958
52.5,-17.5,190.878,189.437,0.007549
55,-17.5,187.834,192.598,0.025363
57.5,-17.5,185.697,188.369,0.014389
60,-17.5,184.272,181.678,0.014077
62.5,-17.5,183.222,179.274,0.021548
65,-17.5,182.585,178.741,0.021053
67.5,-17.5,182.331,180.519,0.009938
70,-17.5,182.259,181.588,0.003682
72.5,-17.5,181.923,178.008,0.02152
75,-17.5,181.136,180.307,0.004577
77.5,-17.5,179.764,178.169,0.008873
80,-17.5,177.532,180.555,0.017028
82.5,-17.5,174.597,174.06,0.003076
85,-17.5,171.166,175.078,0.022855
87.5,-17.5,166.75,167.389,0.003832
90,-17.5,161.84,166.262,0.027323
92.5,-17.5,156.735,161.763,0.03208
95,-17.5,151.758,152.988,0.008105
97.5,-17.5,147.225,147.076,0.001012
100,-17.5,143.299,146.137,0.019805
102.5,-17.5,140.338,143.224,0.020565
-101.25,-18.75,452.59,444.849,0.017104
-98.75,-18.75,454.089,462.385,0.01827
-96.25,-18.75,455.227,458.013,0.00612
-93.75,-18.75,455.843,456.006,0.000358
-91.25,-18.75,455.697,463.455,0.017024
-88.75,-18.75,454.469,465.395,0.024041
-86.25,-18.75,451.936,462.564,0.023517
-83.75,-18.75,448.088,440.111,0.017802
-81.25,-18.75,442.771,429.672,0.029584
-78.75,-18.75,436.233,443.946,0.017681
-76.25,-18.75,428.825,421.462,0.01717
-73.75,-18.75,421.092,425.967,0.011577
-71.25,-18.75,413.455,408.205,0.012698
-68.75,-18.75,406.051,400.422,0.013863
-66.25,-18.75,399.26,397.338,0.004814
-63.75,-18.75,393.304,384.14,0.0233
-61.25,-18.75,388.131,388.76,0.001621
-58.75,-18.75,383.895,383.511,0.001
-56.25,-18.75,380.338,371.529,0.023161
-53.75,-18.75,377.536,372.11,0.014372
-51.25,-18.75,375.841,384.446,0.022895
-48.75,-18.75,375.271,371.188,0.01088
-46.25,-18.75,375.594,392.894,0.04606
-43.75,-18.75,376.577,380.039,0.009193
-41.25,-18.75,377.811,373.969,0.010169
-38.75,-18.75,378.716,383.07,0.011497
-36.25,-18.75,378.541,386.687,0.021519
-33.75,-18.75,376.843,371.665,0.01374
-31.25,-18.75,373.461,364.305,0.024517
-28.75,-18.75,368.467,367.693,0.002101
-26.25,-18.75,361.858,349.958,0.032886
-23.75,-18.75,353.767,362.502,0.024691
-21.25,-18.75,344.28,347.69,0.009905
-18.75,-18.75,333.818,338.655,0.01449
-16.25,-18.75,322.742,332.891,0.031446
-13.75,-18.75,311.137,317.708,0.021119
-11.25,-18.75,299.188,301.714,0.008443
-8.75,-18.75,287.234,280.019,0.025119
-6.25,-18.75,275.737,259.994,0.057094
-3.75,-18.75,265.106,263.795,0.004945
-1.25,-18.75,255.792,251.603,0.016377
1.25,-18.75,248.093,255.436,0.029598
3.75,-18.75,242.429,237.366,0.020884
6.25,-18.75,238.874,229.802,0.037978
8.75,-18.75,237.262,234.429,0.01194
11.25,-18.75,237.14,237.208,0.000287
13.75,-18.75,238.125,234.617,0.014732
16.25,-18.75,239.875,241.31,0.005982
18.75,-18.75,241.789,247.774,0.024753
21.25,-18.75,243.371,239.101,0.017545
23.75,-18.75,244.358,248.09,0.015273
26.25,-18.75,244.449,237.673,0.027719
28.75,-18.75,243.429,253.053,0.039535
31.25,-18.75,241.149,245.5,0.018043
33.75,-18.75,237.451,236.661,0.003327
36.25,-18.75,232.647,239.622,0.029981
38.75,-18.75,227.224,222.298,0.021679
41.25,-18.75,221.394,217.925,0.015669
43.75,-18.75,215.536,217.065,0.007094
46.25,-18.75,209.945,209.1,0.004025
48.75,-18.75,204.657,203.431,0.005991
51.25,-18.75,200.122,206.886,0.033799
53.75,-18.75,196.328,190.623,0.029059
56.25,-18.75,193.171,191.296,0.009706
58.75,-18.75,190.657,192.948,0.012016
61.25,-18.75,188.715,193.374,0.024688
63.75,-18.75,187.309,190.405,0.016529
66.25,-18.75,186.234,183.367,0.015395
68.75,-18.75,185.546,184.479,0.005751
71.25,-18.75,185.232,186.511,0.006905
73.75,-18.75,184.835,184.623,0.001147
76.25,-18.75,183.95,182.543,0.007649
78.75,-18.75,182.49,180.232,0.012373
81.25,-18.75,180.322,178.472,0.010259
83.75,-18.75,177.444,178.105,0.003725
86.25,-18.75,174.093,176.413,0.013326
88.75,-18.75,169.849,167.784,0.012158
91.25,-18.75,165.012,165.133,0.000733
93.75,-18.75,159.83,159.25,0.003629
96.25,-18.75,154.652,159.2,0.029408
98.75,-18.75,149.928,152.736,0.018729
-97.5,-20,452.179,447.897,0.00947
-95,-20,452.765,445.373,0.016326
-92.5,-20,452.398,452.583,0.000409
-90,-20,450.787,453.11,0.005153
-87.5,-20,447.864,446.751,0.002485
-85,-20,443.537,435.086,0.019054
-82.5,-20,437.948,439.131,0.002701
-80,-20,431.496,429.084,0.00559
-77.5,-20,424.574,415.923,0.020376
-75,-20,417.7,419.893,0.00525
-72.5,-20,411.113,407.179,0.009569
-70,-20,405.051,408.328,0.00809
-67.5,-20,399.654,395.936,0.009303
-65,-20,394.834,398.153,0.008406
-62.5,-20,390.692,394.54,0.009849
-60,-20,387.146,401.973,0.038298
-57.5,-20,384.225,374.285,0.02587
-55,-20,382.214,381.853,0.000944
-52.5,-20,381.052,388.146,0.018617
-50,-20,380.581,386.141,0.014609
-47.5,-20,380.95,378.606,0.006153
-45,-20,381.96,375.453,0.017036
-42.5,-20,383.184,395.674,0.032595
-40,-20,383.927,375.612,0.021658
-37.5,-20,383.504,372.27,0.029293
-35,-20,381.644,376.555,0.013334
-32.5,-20,378.267,382.34,0.010768
-30,-20,373.256,380.517,0.019453
-27.5,-20,366.698,371.147,0.012133
-25,-20,358.864,346.917,0.033291
-22.5,-20,350.077,349.558,0.001483
-20,-20,340.683,346.455,0.016942
-17.5,-20,330.887,325.865,0.015177
-15,-20,320.677,317.501,0.009904
-12.5,-20,310.267,306.754,0.011323
-10,-20,299.937,306.21,0.020914
-7.5,-20,289.764,284.124,0.019464
-5,-20,279.806,276.329,0.012426
-2.5,-20,270.32,276.298,0.022115
0,-20,262.006,267.336,0.020343
2.5,-20,255.476,261.552,0.023783
5,-20,250.909,249.379,0.006098
7.5,-20,248.061,249.99,0.007776
10,-20,246.888,252.214,0.021573
12.5,-20,247.05,240.747,0.025513
15,-20,248.045,250.542,0.010067
17.5,-20,249.383,255.776,0.025635
20,-20,250.557,256.455,0.02354
22.5,-20,251.206,248.935,0.00904
25,-20,251.24,260.567,0.037124
27.5,-20,250.458,255.507,0.020159
30,-20,248.54,247.492,0.004217
32.5,-20,245.546,251.949,0.026077
35,-20,241.642,238.141,0.014488
37.5,-20,237.1,234.594,0.010569
40,-20,231.972,226.289,0.024499
42.5,-20,226.523,221.123,0.023839
45,-20,220.878,225.406,0.0205
47.5,-20,215.198,209.98,0.024247
50,-20,210.198,207.755,0.011622
52.5,-20,205.766,204.227,0.007479
55,-20,201.741,203.591,0.00917
57.5,-20,198.231,195.41,0.014231
60,-20,195.249,199.6,0.022284
62.5,-20,192.788,190.901,0.009788
65,-20,190.908,192.943,0.01066
67.5,-20,189.618,187.311,0.012167
70,-20,188.722,186.385,0.012383
72.5,-20,188.169,186.483,0.00896
75,-20,187.632,186.287,0.007168
77.5,-20,186.769,188.365,0.008545
80,-20,185.387,185.541,0.000831
82.5,-20,183.38,184.259,0.004793
85,-20,180.728,179.046,0.009307
87.5,-20,177.545,177.157,0.002185
90,-20,173.399,174.457,0.006102
92.5,-20,168.56,168.905,0.002047
95,-20,163.495,165.987,0.015242
-93.75,-21.25,445.304,444.079,0.002751
-91.25,-21.25,443.367,448.459,0.011485
-88.75,-21.25,440.122,444.998,0.011079
-86.25,-21.25,435.611,437.753,0.004917
-83.75,-21.25,430.261,428.643,0.003761
-81.25,-21.25,424.512,422.164,0.005531
-78.75,-21.25,418.686,422.33,0.008703
-76.25,-21.25,413.069,409.06,0.009705
-73.75,-21.25,407.825,414.936,0.017436
-71.25,-21.25,403.145,416.971,0.034295
-68.75,-21.25,398.919,397.222,0.004254
-66.25,-21.25,395.211,397.042,0.004633
-63.75,-21.25,391.95,404.738,0.032627
-61.25,-21.25,389.136,388.418,0.001845
-58.75,-21.25,386.977,384.897,0.005375
-56.25,-21.25,385.525,376.289,0.023957
-53.75,-21.25,384.655,382.1,0.006642
-51.25,-21.25,384.592,380.96,0.009444
-48.75,-21.25,385.134,384.076,0.002747
-46.25,-21.25,386.073,391.157,0.013168
-43.75,-21.25,387.137,382.976,0.010748
-41.25,-21.25,387.662,384.644,0.007785
-38.75,-21.25,387.039,394.361,0.018918
-36.25,-21.25,385.008,382.607,0.006236
-33.75,-21.25,381.519,376.75,0.0125
-31.25,-21.25,376.594,369.36,0.019209
-28.75,-21.25,370.405,378.46,0.021746
-26.25,-21.25,363.299,373.945,0.029304
-23.75,-21.25,355.484,342.979,0.035177
-21.25,-21.25,347.407,334.016,0.038546
-18.75,-21.25,339.19,341.932,0.008084
-16.25,-21.25,330.795,326.382,0.013341
-13.75,-21.25,322.277,310.9,0.035302
-11.25,-21.25,313.699,313.19,0.001623
-8.75,-21.25,304.965,307.483,0.008257
-6.25,-21.25,296.013,300.582,0.015435
-3.75,-21.25,287.139,293.164,0.020983
-1.25,-21.25,278.662,275.362,0.011842
1.25,-21.25,271.275,274.579,0.01218
3.75,-21.25,265.478,261.604,0.014593
6.25,-21.25,261.334,272.158,0.041418
8.75,-21.25,258.695,257.817,0.003394
11.25,-21.25,257.472,260.134,0.010339
13.75,-21.25,257.373,260.93,0.01382
16.25,-21.25,257.797,265.102,0.028336
18.75,-21.25,258.205,264.223,0.023307
21.25,-21.25,258.2,266.185,0.030926
23.75,-21.25,257.62,251.098,0.025316
26.25,-21.25,256.415,258.432,0.007866
28.75,-21.25,254.492,248.79,0.022405
31.25,-21.25,251.664,242.971,0.034542
33.75,-21.25,248.195,243.91,0.017265
36.25,-21.25,244.335,252.233,0.032324
38.75,-21.25,240.093,238.955,0.00474
41.25,-21.25,235.616,236.576,0.004074
43.75,-21.25,230.758,236.443,0.024636
46.25,-21.25,225.542,231.65,0.027081
48.75,-21.25,220.566,223.784,0.01459
51.25,-21.25,215.775,208.245,0.034897
53.75,-21.25,211.185,207.954,0.015299
56.25,-21.25,206.891,205.397,0.007221
58.75,-21.25,202.919,203.674,0.003721
61.25,-21.25,199.448,195.96,0.017488
63.75,-21.25,196.621,193.425,0.016255
66.25,-21.25,194.437,196.353,0.009854
68.75,-21.25,192.829,194.043,0.006296
71.25,-21.25,191.736,193.402,0.008689
73.75,-21.25,191.079,193.018,0.010148
76.25,-21.25,190.495,191.586,0.005727
78.75,-21.25,189.717,192.003,0.01205
81.25,-21.25,188.565,190.817,0.011943
83.75,-21.25,186.758,185.318,0.007711
86.25,-21.25,184.252,185.975,0.009351
88.75,-21.25,181.165,184.027,0.015798
91.25,-21.25,177.202,179.148,0.010982
-90,-22.5,428.912,428.287,0.001457
-87.5,-22.5,424.756,422.831,0.004532
-85,-22.5,420.278,423.777,0.008325
-82.5,-22.5,415.709,406.269,0.022708
-80,-22.5,411.257,408.583,0.006502
-77.5,-22.5,407.162,408.186,0.002515
-75,-22.5,403.443,393.881,0.023701
-72.5,-22.5,400.092,407.998,0.01976
-70,-22.5,396.997,400.275,0.008257
-67.5,-22.5,394.205,388.612,0.014188
-65,-22.5,391.74,386.882,0.012401
-62.5,-22.5,389.767,380.368,0.024114
-60,-22.5,388.36,387.52,0.002163
-57.5,-22.5,387.357,398.763,0.029446
-55,-22.5,386.927,380.919,0.015527
-52.5,-22.5,387.072,386.735,0.000871
-50,-22.5,387.741,387.118,0.001607
-47.5,-22.5,388.796,392.356,0.009156
-45,-22.5,389.774,382.355,0.019034
-42.5,-22.5,390.044,381.621,0.021595
-40,-22.5,389.17,374.688,0.037213
-37.5,-22.5,387.004,393.181,0.015961
-35,-22.5,383.554,382.981,0.001494
-32.5,-22.5,378.832,387.636,0.02324
-30,-22.5,373.182,369.26,0.01051
-27.5,-22.5,367.061,363.988,0.008372
-25,-22.5,360.693,366.439,0.01593
-22.5,-22.5,354.227,347.529,0.018909
-20,-22.5,347.729,340.223,0.021586
-17.5,-22.5,341.224,338.323,0.008502
-15,-22.5,334.642,338.596,0.011816
-12.5,-22.5,327.879,320.782,0.021645
-10,-22.5,320.635,317.06,0.01115
-7.5,-22.5,312.996,302.219,0.034432
-5,-22.5,305.092,309.935,0.015874
-2.5,-22.5,297.108,299.516,0.008105
0,-22.5,289.371,288.512,0.002969
2.5,-22.5,282.432,281.403,0.003643
5,-22.5,276.798,286.075,0.033515
7.5,-22.5,272.644,264.199,0.030974
10,-22.5,269.888,266.696,0.011827
12.5,-22.5,268.286,266.107,0.008122
15,-22.5,267.35,258.021,0.034894
17.5,-22.5,266.65,272.505,0.021958
20,-22.5,265.83,261.539,0.016142
22.5,-22.5,264.448,264.966,0.001959
25,-22.5,262.431,265.591,0.012041
27.5,-22.5,259.874,254.71,0.019871
30,-22.5,256.793,256.328,0.001811
32.5,-22.5,253.308,253.367,0.000233
35,-22.5,249.654,244.294,0.02147
37.5,-22.5,245.854,245.374,0.001952
40,-22.5,242.06,234.448,0.031447
42.5,-22.5,238.208,242.493,0.017988
45,-22.5,234.064,237.764,0.015808
47.5,-22.5,229.83,234.92,0.022147
50,-22.5,225.465,219.286,0.027406
52.5,-22.5,220.948,218.827,0.0096
55,-22.5,216.284,216.582,0.001378
57.5,-22.5,211.623,211.859,0.001115
60,-22.5,207.3,210.98,0.017752
62.5,-22.5,203.49,200.973,0.012369
65,-22.5,200.317,199.033,0.00641
67.5,-22.5,197.775,199.85,0.010492
70,-22.5,195.922,191.621,0.021953
72.5,-22.5,194.727,192.651,0.010661
75,-22.5,194.076,192.193,0.009702
77.5,-22.5,193.579,195.438,0.009603
80,-22.5,192.919,196.133,0.01666
82.5,-22.5,191.866,192.276,0.002137
85,-22.5,190.189,191.139,0.004995
87.5,-22.5,187.913,187.662,0.001336
-86.25,-23.75,408.357,410.709,0.00576
-83.75,-23.75,405.251,400.647,0.011361
-81.25,-23.75,402.442,397.076,0.013334
-78.75,-23.75,399.912,406.569,0.016646
-76.25,-23.75,397.62,398.327,0.001778
-73.75,-23.75,395.515,392.884,0.006652
-71.25,-23.75,393.472,389.843,0.009223
-68.75,-23.75,391.664,393.537,0.004782
-66.25,-23.75,390.1,392.013,0.004904
-63.75,-23.75,388.931,397.01,0.020772
-61.25,-23.75,388.045,392.085,0.010411
-58.75,-23.75,387.593,378.872,0.0225
-56.25,-23.75,387.634,385.497,0.005513
-53.75,-23.75,388.105,382.712,0.013896
-51.25,-23.75,388.927,396.657,0.019875
-48.75,-23.75,389.956,378.379,0.029688
-46.25,-23.75,390.804,393.289,0.006359
-43.75,-23.75,391.067,389.243,0.004664
-41.25,-23.75,390.171,392.98,0.007199
-38.75,-23.75,387.907,391.36,0.008902
-36.25,-23.75,384.545,375.065,0.024653
-33.75,-23.75,380.333,370.782,0.025112
-31.25,-23.75,375.599,371.148,0.01185
-28.75,-23.75,370.655,363.923,0.018162
-26.25,-23.75,365.688,374.423,0.023886
-23.75,-23.75,360.961,366.35,0.01493
-21.25,-23.75,356.443,363.274,0.019164
-18.75,-23.75,351.864,352.044,0.000512
-16.25,-23.75,346.99,355.621,0.024874
-13.75,-23.75,341.781,335.062,0.019659
-11.25,-23.75,336.16,328.636,0.022382
-8.75,-23.75,330.053,325.161,0.014822
-6.25,-23.75,323.375,334.454,0.034261
-3.75,-23.75,316.138,317.148,0.003195
-1.25,-23.75,308.606,299.499,0.02951
1.25,-23.75,301.166,290.843,0.034277
3.75,-23.75,294.332,300.784,0.021921
6.25,-23.75,288.623,297.215,0.029769
8.75,-23.75,284.218,284.586,0.001295
11.25,-23.75,280.936,277.284,0.012999
13.75,-23.75,278.497,272.97,0.019846
16.25,-23.75,276.427,283.549,0.025764
18.75,-23.75,274.29,275.971,0.006129
21.25,-23.75,271.937,269.958,0.007277
23.75,-23.75,269.104,263.55,0.020639
26.25,-23.75,265.682,269.095,0.012846
28.75,-23.75,261.857,267.733,0.02244
31.25,-23.75,257.918,263.856,0.023023
33.75,-23.75,254.012,258.926,0.019346
36.25,-23.75,250.236,248.373,0.007445
38.75,-23.75,246.7,246.941,0.000977
41.25,-23.75,243.337,238.111,0.021476
43.75,-23.75,239.962,244.945,0.020766
46.25,-23.75,236.751,231.04,0.024122
48.75,-23.75,233.401,230.481,0.012511
51.25,-23.75,229.661,226.159,0.015249
53.75,-23.75,225.463,227.088,0.007207
56.25,-23.75,220.876,220.134,0.003359
58.75,-23.75,216.065,213.975,0.009673
61.25,-23.75,211.426,211.035,0.001849
63.75,-23.75,207.273,204.679,0.012515
66.25,-23.75,203.786,202.716,0.005251
68.75,-23.75,201.037,202.421,0.006884
71.25,-23.75,199.075,200.668,0.008002
73.75,-23.75,197.848,200.894,0.015396
76.25,-23.75,197.227,199.424,0.011139
78.75,-23.75,196.783,199.514,0.013878
81.25,-23.75,196.151,198.399,0.011461
83.75,-23.75,195.26,194.909,0.001798
-82.5,-25,392.117,387.085,0.012833
-80,-25,391.067,391.481,0.001059
-77.5,-25,390.127,384.494,0.014439
-75,-25,389.127,391.81,0.006895
-72.5,-25,388.128,398.076,0.025631
-70,-25,387.331,386.515,0.002107
-67.5,-25,386.733,388.563,0.004732
-65,-25,386.304,393.159,0.017745
-62.5,-25,386.06,393.263,0.018658
-60,-25,386.152,394.187,0.020808
-57.5,-25,386.622,390.736,0.010641
-55,-25,387.439,392.177,0.012229
-52.5,-25,388.541,387.812,0.001876
-50,-25,389.63,386.755,0.007379
-47.5,-25,390.523,391.128,0.001549
-45,-25,390.756,387.536,0.00824
-42.5,-25,389.867,384.347,0.014159
-40,-25,387.91,397.424,0.024526
-37.5,-25,385.073,390.956,0.015278
-35,-25,381.596,370.434,0.029251
-32.5,-25,377.909,375.995,0.005065
-30,-25,374.294,376.339,0.005464
-27.5,-25,370.868,378.708,0.02114
-25,-25,367.819,368.355,0.001457
-22.5,-25,365.024,362.213,0.007701
-20,-25,362.137,356.538,0.015461
-17.5,-25,358.893,354.325,0.012728
-15,-25,355.304,365.351,0.028277
-12.5,-25,351.177,347.961,0.009158
-10,-25,346.48,349.826,0.009657
-7.5,-25,341.065,338.787,0.006679
-5,-25,334.868,323.359,0.034369
-2.5,-25,327.969,332.686,0.014382
0,-25,320.629,311.644,0.028023
2.5,-25,313.228,316.556,0.010625
5,-25,306.3,301.945,0.014218
7.5,-25,300.352,290.56,0.032602
10,-25,295.427,290.455,0.01683
12.5,-25,291.273,297.14,0.020143
15,-25,287.607,284.24,0.011707
17.5,-25,284.117,282.494,0.005712
20,-25,280.469,283.129,0.009484
22.5,-25,276.545,269.026,0.027189
25,-25,272.218,271.369,0.003119
27.5,-25,267.537,271.912,0.016353
30,-25,262.832,255.46,0.028048
32.5,-25,258.354,252.37,0.023162
35,-25,254.157,257.941,0.014888
37.5,-25,250.446,255.725,0.021078
40,-25,247.138,248.699,0.006316
42.5,-25,244.053,250.188,0.025138
45,-25,241.422,245.563,0.017153
47.5,-25,238.921,240.287,0.005717
50,-25,236.177,231.99,0.017728
52.5,-25,233.052,230.686,0.010152
55,-25,229.272,226.718,0.01114
57.5,-25,224.832,223.111,0.007655
60,-25,219.99,220.405,0.001886
62.5,-25,215.205,216.223,0.00473
65,-25,210.819,206.25,0.021673
67.5,-25,207.157,208.5,0.006483
70,-25,204.328,206.107,0.008707
72.5,-25,202.323,203.335,0.005002
75,-25,201.049,200.01,0.005168
77.5,-25,200.376,202.218,0.009193
80,-25,200.02,203.801,0.018903
-78.75,-26.25,380.652,382.706,0.005396
-76.25,-26.25,380.753,381.58,0.002172
-73.75,-26.25,380.877,381.772,0.00235
-71.25,-26.25,381.059,384.358,0.008657
-68.75,-26.25,381.27,380.246,0.002686
-66.25,-26.25,381.635,383.846,0.005793
-63.75,-26.25,382.135,382.476,0.000892
-61.25,-26.25,382.892,375.692,0.018804
-58.75,-26.25,383.819,383.789,7.8e-05
-56.25,-26.25,385.03,376.293,0.022692
-53.75,-26.25,386.389,388.773,0.00617
-51.25,-26.25,387.762,379.2,0.022081
-48.75,-26.25,388.896,375.956,0.033274
-46.25,-26.25,389.323,391.93,0.006696
-43.75,-26.25,388.736,397.642,0.02291
-41.25,-26.25,387.287,388.213,0.002391
-38.75,-26.25,385.261,381.472,0.009835
-36.25,-26.25,382.921,381.639,0.003348
-33.75,-26.25,380.503,379.865,0.001677
-31.25,-26.25,378.227,386.799,0.022664
-28.75,-26.25,376.294,382.62,0.016811
-26.25,-26.25,374.758,368.932,0.015546
-23.75,-26.25,373.422,373.105,0.000849
-21.25,-26.25,371.893,364.042,0.021111
-18.75,-26.25,370.071,372.483,0.006518
-16.25,-26.25,367.956,359.285,0.023565
-13.75,-26.25,365.307,371.394,0.016663
-11.25,-26.25,361.938,358.518,0.009449
-8.75,-26.25,357.678,354.228,0.009646
-6.25,-26.25,352.534,344.788,0.021972
-3.75,-26.25,346.533,349.549,0.008703
-1.25,-26.25,339.831,340.196,0.001074
1.25,-26.25,332.549,340.325,0.023383
3.75,-26.25,325.042,331.95,0.021253
6.25,-26.25,317.889,322.779,0.015383
8.75,-26.25,311.481,310.806,0.002167
11.25,-26.25,305.724,301.854,0.012658
13.75,-26.25,300.364,292.098,0.02752
16.25,-26.25,295.277,296.764,0.005036
18.75,-26.25,290.247,282.186,0.027773
21.25,-26.25,285.093,288.575,0.012214
23.75,-26.25,279.71,286.108,0.022874
26.25,-26.25,274.049,277.529,0.012698
28.75,-26.25,268.423,270.031,0.005991
31.25,-26.25,263.205,268.358,0.019578
33.75,-26.25,258.427,260.788,0.009136
36.25,-26.25,254.154,252.295,0.007314
38.75,-26.25,250.489,254.382,0.015542
41.25,-26.25,247.306,243.054,0.017193
43.75,-26.25,244.811,243.24,0.006417
46.25,-26.25,242.702,243.131,0.001768
48.75,-26.25,240.684,239.907,0.003228
51.25,-26.25,238.417,234.191,0.017725
53.75,-26.25,235.639,234.101,0.006527
56.25,-26.25,232.17,227.452,0.020321
58.75,-26.25,228.005,229.63,0.007127
61.25,-26.25,223.332,226.265,0.013133
63.75,-26.25,218.584,222.271,0.016868
66.25,-26.25,214.188,216.257,0.00966
68.75,-26.25,210.477,210.077,0.0019
71.25,-26.25,207.564,207.97,0.001956
73.75,-26.25,205.487,207.963,0.012049
76.25,-26.25,204.264,205.704,0.00705
-75,-27.5,371.503,366.463,0.013567
-72.5,-27.5,372.566,378.56,0.016088
-70,-27.5,373.65,372.977,0.001801
-67.5,-27.5,374.789,377.667,0.007679
-65,-27.5,376.064,375.54,0.001393
-62.5,-27.5,377.472,375.868,0.004249
-60,-27.5,379.023,371.964,0.018624
-57.5,-27.5,380.739,381.674,0.002456
-55,-27.5,382.531,386.56,0.010532
-52.5,-27.5,384.351,376.695,0.019919
-50,-27.5,385.911,380.536,0.013928
-47.5,-27.5,386.847,387.264,0.001078
-45,-27.5,387.032,382.631,0.011371
-42.5,-27.5,386.509,389.06,0.0066
-40,-27.5,385.588,379.03,0.017008
-37.5,-27.5,384.46,390.861,0.016649
-35,-27.5,383.323,388.9,0.014549
-32.5,-27.5,382.534,375.662,0.017964
-30,-27.5,382.015,378.179,0.010041
-27.5,-27.5,381.693,375.37,0.016566
-25,-27.5,381.418,377.847,0.009362
-22.5,-27.5,381.076,374.436,0.017424
-20,-27.5,380.522,387.755,0.019008
-17.5,-27.5,379.622,371.492,0.021416
-15,-27.5,378.123,372.242,0.015553
-12.5,-27.5,375.91,368.898,0.018653
-10,-27.5,372.841,371,0.004938
-7.5,-27.5,368.812,362.807,0.016282
-5,-27.5,363.81,357.686,0.016833
-2.5,-27.5,357.941,364.321,0.017824
0,-27.5,351.252,350.697,0.00158
2.5,-27.5,343.947,348.704,0.013831
5,-27.5,336.308,338.356,0.00609
7.5,-27.5,328.711,321.285,0.022591
10,-27.5,321.491,317.862,0.011288
12.5,-27.5,314.602,307.43,0.022797
15,-27.5,307.899,299.367,0.02771
17.5,-27.5,301.33,302.381,0.003488
20,-27.5,294.81,297.734,0.009918
22.5,-27.5,288.203,287.632,0.001981
25,-27.5,281.567,287.862,0.022357
27.5,-27.5,275.023,272.363,0.009672
30,-27.5,268.829,268.014,0.003032
32.5,-27.5,263.231,267.989,0.018075
35,-27.5,258.377,253.494,0.018899
37.5,-27.5,254.163,257.633,0.013653
40,-27.5,250.547,249.821,0.002898
42.5,-27.5,247.791,249.536,0.007042
45,-27.5,245.708,240.973,0.019271
47.5,-27.5,243.964,239.93,0.016535
50,-27.5,242.211,237.315,0.020214
52.5,-27.5,240.097,237.997,0.008746
55,-27.5,237.499,235.484,0.008484
57.5,-27.5,234.264,233.605,0.002813
60,-27.5,230.415,226.92,0.015168
62.5,-27.5,226.038,227.229,0.005269
65,-27.5,221.518,222.232,0.003223
67.5,-27.5,217.24,220.533,0.015158
70,-27.5,213.541,212.733,0.003784
72.5,-27.5,210.685,215.369,0.022232
-71.25,-28.75,363.716,362.402,0.003613
-68.75,-28.75,365.666,368.245,0.007053
-66.25,-28.75,367.684,362.324,0.014578
-63.75,-28.75,369.802,368.693,0.002999
-61.25,-28.75,372.019,377.673,0.015198
-58.75,-28.75,374.393,375.771,0.003681
-56.25,-28.75,376.869,371.083,0.015353
-53.75,-28.75,379.389,387.411,0.021145
-51.25,-28.75,381.695,383.205,0.003956
-48.75,-28.75,383.639,378.305,0.013904
-46.25,-28.75,384.943,385.008,0.000169
-43.75,-28.75,385.72,383.813,0.004944
-41.25,-28.75,386.186,386.447,0.000676
-38.75,-28.75,386.399,379.533,0.017769
-36.25,-28.75,386.66,387.141,0.001244
-33.75,-28.75,387.097,385.313,0.004609
-31.25,-28.75,387.655,389.222,0.004042
-28.75,-28.75,388.365,379.343,0.023231
-26.25,-28.75,389.128,390.285,0.002973
-23.75,-28.75,389.698,392.092,0.006143
-21.25,-28.75,390.049,391.243,0.003061
-18.75,-28.75,390.104,385.994,0.010536
-16.25,-28.75,389.572,383.326,0.016033
-13.75,-28.75,388.32,389.487,0.003005
-11.25,-28.75,386.228,392.553,0.016376
-8.75,-28.75,383.285,379.883,0.008876
-6.25,-28.75,379.41,384.136,0.012456
-3.75,-28.75,374.589,376.087,0.003999
-1.25,-28.75,368.766,374.139,0.01457
1.25,-28.75,362.064,367.443,0.014856
3.75,-28.75,354.608,357.779,0.008942
6.25,-28.75,346.603,338.995,0.02195
8.75,-28.75,338.293,332.106,0.018289
11.25,-28.75,329.988,329.067,0.002791
13.75,-28.75,321.798,314.324,0.023226
16.25,-28.75,313.688,313.396,0.000931
18.75,-28.75,305.726,305.501,0.000736
21.25,-28.75,297.826,291.728,0.020475
23.75,-28.75,290.019,294.569,0.015689
26.25,-28.75,282.529,276.812,0.020235
28.75,-28.75,275.469,270.753,0.01712
31.25,-28.75,268.939,269.751,0.003019
33.75,-28.75,263.238,262.126,0.004224
36.25,-28.75,258.41,255.26,0.01219
38.75,-28.75,254.271,248.99,0.020769
41.25,-28.75,251.119,254.473,0.013356
43.75,-28.75,248.72,243.261,0.021948
46.25,-28.75,246.837,249.314,0.010035
48.75,-28.75,245.192,240.913,0.017452
51.25,-28.75,243.487,239.944,0.014551
53.75,-28.75,241.385,244.355,0.012304
56.25,-28.75,238.838,243.67,0.020231
58.75,-28.75,235.771,231.891,0.016457
61.25,-28.75,232.13,235.493,0.014488
63.75,-28.75,228.041,226.916,0.004933
66.25,-28.75,223.814,219.899,0.017492
68.75,-28.75,219.837,221.408,0.007146
-67.5,-30,356.92,354.04,0.008069
-65,-30,359.762,356.647,0.008659
-62.5,-30,362.783,359.655,0.008622
-60,-30,365.975,360.331,0.015422
-57.5,-30,369.344,371.552,0.005978
-55,-30,372.842,370.253,0.006944
-52.5,-30,376.406,377.245,0.002229
-50,-30,379.813,375.638,0.010992
-47.5,-30,382.678,384.892,0.005786
-45,-30,385.033,385.158,0.000325
-42.5,-30,387.011,390.382,0.00871
-40,-30,388.718,394.828,0.015718
-37.5,-30,390.308,382.683,0.019536
-35,-30,391.818,397.489,0.014474
-32.5,-30,393.207,387.443,0.014659
-30,-30,394.709,397.034,0.00589
-27.5,-30,396.228,398.694,0.006224
-25,-30,397.61,397.993,0.000963
-22.5,-30,398.671,390.907,0.019475
-20,-30,399.348,409.014,0.024204
-17.5,-30,399.518,404.071,0.011396
-15,-30,399.063,402.729,0.009187
-12.5,-30,397.896,395.777,0.005326
-10,-30,395.91,400.273,0.01102
-7.5,-30,393.056,386.866,0.015748
-5,-30,389.348,388.794,0.001423
-2.5,-30,384.649,382.197,0.006375
0,-30,378.878,380.851,0.005207
2.5,-30,372.051,365.634,0.017248
5,-30,364.245,363.516,0.002001
7.5,-30,355.54,350.173,0.015095
10,-30,346.239,348.132,0.005467
12.5,-30,336.721,343.91,0.02135
15,-30,327.178,320.78,0.019555
17.5,-30,317.724,316.099,0.005115
20,-30,308.479,314.19,0.018513
22.5,-30,299.496,302.775,0.010948
25,-30,290.897,289.254,0.005648
27.5,-30,282.922,277.997,0.017408
30,-30,275.569,272.943,0.009529
32.5,-30,269.024,266.673,0.008739
35,-30,263.414,259.977,0.013048
37.5,-30,258.678,261.226,0.00985
40,-30,254.988,250.727,0.016711
42.5,-30,252.192,248.982,0.012728
45,-30,249.99,251.869,0.007516
47.5,-30,248.171,251.254,0.012423
50,-30,246.448,251.645,0.021088
52.5,-30,244.604,242.84,0.007212
55,-30,242.433,237.349,0.020971
57.5,-30,239.854,238.364,0.006212
60,-30,236.757,233.588,0.013385
62.5,-30,233.213,235.473,0.009691
65,-30,229.399,229.519,0.000523
-63.75,-31.25,351.301,350.383,0.002613
-61.25,-31.25,355.5,348.693,0.019148
-58.75,-31.25,360.032,365.057,0.013957
-56.25,-31.25,364.948,362.642,0.006319
-53.75,-31.25,370.162,364.033,0.016558
-51.25,-31.25,375.366,373.924,0.003842
-48.75,-31.25,380.139,382.806,0.007016
-46.25,-31.25,384.365,386.205,0.004787
-43.75,-31.25,388.038,382.565,0.014104
-41.25,-31.25,391.23,395.15,0.01002
-38.75,-31.25,393.967,397.087,0.007919
-36.25,-31.25,396.348,394.431,0.004837
-33.75,-31.25,398.572,399.578,0.002524
-31.25,-31.25,400.705,408.489,0.019426
-28.75,-31.25,402.772,401.635,0.002823
-26.25,-31.25,404.615,408.239,0.008957
-23.75,-31.25,406.111,406.545,0.001069
-21.25,-31.25,407.305,409.272,0.004829
-18.75,-31.25,408.031,403.41,0.011325
-16.25,-31.25,408.213,401.9,0.015465
-13.75,-31.25,407.771,402.832,0.012112
-11.25,-31.25,406.665,413.025,0.015639
-8.75,-31.25,404.823,397.951,0.016975
-6.25,-31.25,402.178,393.243,0.022217
-3.75,-31.25,398.552,396.901,0.004142
-1.25,-31.25,393.888,389.864,0.010216
1.25,-31.25,388.063,393.237,0.013333
3.75,-31.25,380.959,374.118,0.017957
6.25,-31.25,372.493,367.633,0.013047
8.75,-31.25,362.821,367.341,0.012458
11.25,-31.25,352.331,358.105,0.016388
13.75,-31.25,341.544,345.933,0.01285
16.25,-31.25,330.75,333.95,0.009675
18.75,-31.25,320.079,321.868,0.005589
21.25,-31.25,309.797,313.324,0.011385
23.75,-31.25,300.105,303.373,0.01089
26.25,-31.25,291.141,284.675,0.022209
28.75,-31.25,282.959,283.339,0.001343
31.25,-31.25,275.635,272.043,0.013032
33.75,-31.25,269.262,274.446,0.019253
36.25,-31.25,263.857,262.64,0.004612
38.75,-31.25,259.609,254.707,0.018882
41.25,-31.25,256.25,254.939,0.005116
43.75,-31.25,253.663,252.148,0.005972
46.25,-31.25,251.56,248.221,0.013273
48.75,-31.25,249.672,255.691,0.024108
51.25,-31.25,247.762,242.304,0.022029
53.75,-31.25,245.693,248.205,0.010224
56.25,-31.25,243.292,240.329,0.012179
58.75,-31.25,240.523,242.186,0.006914
61.25,-31.25,237.395,240.046,0.011167
-60,-32.5,349.166,348.457,0.002031
-57.5,-32.5,355.871,355.946,0.000211
-55,-32.5,363.076,364.127,0.002895
-52.5,-32.5,370.339,372.68,0.006321
-50,-32.5,377.184,380.743,0.009436
-47.5,-32.5,383.423,384.274,0.002219
-45,-32.5,388.917,392.166,0.008354
-42.5,-32.5,393.542,401.456,0.02011
-40,-32.5,397.322,403.283,0.015003
-37.5,-32.5,400.605,395.228,0.013422
-35,-32.5,403.479,404.885,0.003485
-32.5,-32.5,406.142,404.658,0.003654
-30,-32.5,408.591,402.268,0.015475
-27.5,-32.5,410.686,415.864,0.012608
-25,-32.5,412.448,408.622,0.009276
-22.5,-32.5,413.93,411.732,0.00531
-20,-32.5,415.024,416.571,0.003727
-17.5,-32.5,415.754,413.606,0.005167
-15,-32.5,416.003,424.519,0.020471
-12.5,-32.5,415.655,412.641,0.007251
-10,-32.5,414.688,407.907,0.016352
-7.5,-32.5,413.029,419.798,0.016389
-5,-32.5,410.51,414.543,0.009824
-2.5,-32.5,406.96,410.192,0.007942
0,-32.5,402.213,404.909,0.006703
2.5,-32.5,396.103,398.198,0.005289
5,-32.5,388.405,383.759,0.011962
7.5,-32.5,379.051,386.471,0.019575
10,-32.5,368.237,364.788,0.009366
12.5,-32.5,356.514,356.769,0.000715
15,-32.5,344.509,341.281,0.00937
17.5,-32.5,332.562,337.443,0.014677
20,-32.5,320.932,323.387,0.00765
22.5,-32.5,310.015,316.602,0.021247
25,-32.5,300.021,296.448,0.011909
27.5,-32.5,290.935,284.916,0.020688
30,-32.5,282.918,287.281,0.015421
32.5,-32.5,275.868,270.445,0.019658
35,-32.5,269.749,270.628,0.003259
37.5,-32.5,264.875,265.39,0.001944
40,-32.5,261.074,259.451,0.006217
42.5,-32.5,258.003,251.603,0.024806
45,-32.5,255.512,256.127,0.002407
47.5,-32.5,253.349,257.863,0.017817
50,-32.5,251.28,251.924,0.002563
52.5,-32.5,249.099,252.233,0.012581
55,-32.5,246.711,248.822,0.008557
57.5,-32.5,244.03,245.336,0.005352
-56.25,-33.75,355.156,356.325,0.003292
-53.75,-33.75,364.646,360.976,0.010065
-51.25,-33.75,373.694,371.771,0.005146
-48.75,-33.75,381.928,378.471,0.009051
-46.25,-33.75,389.141,394.613,0.014062
-43.75,-33.75,395.135,390.945,0.010604
-41.25,-33.75,400.081,392.646,0.018584
-38.75,-33.75,404.26,405.153,0.002209
-36.25,-33.75,407.745,408.347,0.001476
-33.75,-33.75,410.809,413.896,0.007514
-31.25,-33.75,413.477,415.959,0.006003
-28.75,-33.75,415.709,413.474,0.005376
-26.25,-33.75,417.63,422.678,0.012087
-23.75,-33.75,419.309,419.924,0.001467
-21.25,-33.75,420.686,421.734,0.002491
-18.75,-33.75,421.772,421.645,0.000301
-16.25,-33.75,422.529,424.664,0.005053
-13.75,-33.75,422.928,416.004,0.016372
-11.25,-33.75,422.783,423.731,0.002242
-8.75,-33.75,422.017,421.961,0.000133
-6.25,-33.75,420.479,428.948,0.020141
-3.75,-33.75,418.017,421.945,0.009397
-1.25,-33.75,414.425,418.214,0.009143
1.25,-33.75,409.423,415.683,0.01529
3.75,-33.75,402.702,404.884,0.005418
6.25,-33.75,394.119,393.403,0.001817
8.75,-33.75,383.703,384.04,0.000878
11.25,-33.75,371.744,379.791,0.021647
13.75,-33.75,358.838,355.17,0.010222
16.25,-33.75,345.699,344.556,0.003306
18.75,-33.75,332.83,333.353,0.001571
21.25,-33.75,320.64,325.225,0.0143
23.75,-33.75,309.492,311.689,0.007099
26.25,-33.75,299.463,295.319,0.013838
28.75,-33.75,290.616,289.633,0.003382
31.25,-33.75,282.949,282.35,0.002117
33.75,-33.75,276.263,275.388,0.003167
36.25,-33.75,270.788,275.654,0.01797
38.75,-33.75,266.435,262.941,0.013114
41.25,-33.75,262.987,263.141,0.000586
43.75,-33.75,260.125,260.234,0.000419
46.25,-33.75,257.631,256.604,0.003986
48.75,-33.75,255.248,257.22,0.007726
51.25,-33.75,252.882,254.898,0.007972
53.75,-33.75,250.433,245.537,0.01955
-52.5,-35,369.385,367.963,0.00385
-50,-35,379.498,376.009,0.009194
-47.5,-35,388.29,388.802,0.001319
-45,-35,395.707,401.16,0.01378
-42.5,-35,401.84,399.62,0.005525
-40,-35,406.881,409.05,0.005331
-37.5,-35,410.999,411.14,0.000343
-35,-35,414.442,411.125,0.008004
-32.5,-35,417.279,422.414,0.012306
-30,-35,419.641,419.237,0.000963
-27.5,-35,421.629,418.741,0.00685
-25,-35,423.423,423.501,0.000184
-22.5,-35,425.04,428.652,0.008498
-20,-35,426.444,423.699,0.006437
-17.5,-35,427.616,434.808,0.016819
-15,-35,428.526,427.788,0.001722
-12.5,-35,429.077,425.247,0.008926
-10,-35,429.177,433.91,0.011028
-7.5,-35,428.591,431.619,0.007065
-5,-35,427.128,427.954,0.001934
-2.5,-35,424.61,425.277,0.001571
0,-35,420.747,416.582,0.009899
2.5,-35,415.178,410.004,0.012462
5,-35,407.619,415.661,0.019729
7.5,-35,397.974,398.265,0.000731
10,-35,386.418,387.152,0.001899
12.5,-35,373.344,373.023,0.00086
15,-35,359.393,362.076,0.007465
17.5,-35,345.376,350.212,0.014002
20,-35,331.961,329.193,0.008338
22.5,-35,319.582,315.38,0.013148
25,-35,308.474,313.461,0.016167
27.5,-35,298.739,301.874,0.010494
30,-35,290.303,287.446,0.009841
32.5,-35,283.089,277.434,0.019976
35,-35,277.141,279.287,0.007743
37.5,-35,272.307,272.674,0.001348
40,-35,268.426,266.396,0.007563
42.5,-35,265.248,261.411,0.014466
45,-35,262.42,262.13,0.001105
47.5,-35,259.787,255.344,0.017102
50,-35,257.205,254.709,0.009704
-48.75,-36.25,386.129,391.02,0.012667
-46.25,-36.25,394.905,389.825,0.012864
-43.75,-36.25,402.188,403.322,0.00282
-41.25,-36.25,408.129,408.429,0.000735
-38.75,-36.25,412.853,418.806,0.014419
-36.25,-36.25,416.689,419.14,0.005882
-33.75,-36.25,419.803,421.164,0.003242
-31.25,-36.25,422.34,429.683,0.017386
-28.75,-36.25,424.439,423.263,0.002771
-26.25,-36.25,426.353,418.103,0.01935
-23.75,-36.25,428.12,424.536,0.008371
-21.25,-36.25,429.788,433.428,0.008469
-18.75,-36.25,431.33,429.679,0.003828
-16.25,-36.25,432.678,435.86,0.007354
-13.75,-36.25,433.786,425.11,0.020001
-11.25,-36.25,434.58,434.839,0.000596
-8.75,-36.25,434.81,436.765,0.004496
-6.25,-36.25,434.33,430.93,0.007828
-3.75,-36.25,432.862,429.137,0.008606
-1.25,-36.25,430.087,429.661,0.00099
1.25,-36.25,425.656,429.786,0.009703
3.75,-36.25,419.251,416.524,0.006504
6.25,-36.25,410.675,410.624,0.000124
8.75,-36.25,399.934,395.657,0.010694
11.25,-36.25,387.276,387.379,0.000266
13.75,-36.25,373.179,366.639,0.017525
16.25,-36.25,358.414,354.259,0.011593
18.75,-36.25,343.936,342.081,0.005393
21.25,-36.25,330.367,325.646,0.01429
23.75,-36.25,318.028,314.251,0.011876
26.25,-36.25,307.229,304.813,0.007864
28.75,-36.25,297.985,294.489,0.011732
31.25,-36.25,290.08,294.441,0.015034
33.75,-36.25,283.67,289.113,0.019188
36.25,-36.25,278.449,282.685,0.015213
38.75,-36.25,274.179,269.677,0.01642
41.25,-36.25,270.664,272.829,0.007999
43.75,-36.25,267.612,264.606,0.011233
46.25,-36.25,264.748,260.47,0.016159
-45,-37.5,400.786,399.157,0.004065
-42.5,-37.5,407.59,412.782,0.012738
-40,-37.5,413.007,413.522,0.001247
-37.5,-37.5,417.328,417.343,3.6e-05
-35,-37.5,420.819,422.871,0.004876
-32.5,-37.5,423.615,428.827,0.012304
-30,-37.5,425.939,428.558,0.006149
-27.5,-37.5,428.073,434.623,0.015301
-25,-37.5,430.004,428.267,0.004039
-22.5,-37.5,431.885,428.25,0.008417
-20,-37.5,433.711,437.982,0.009848
-17.5,-37.5,435.443,430.561,0.011212
-15,-37.5,437.032,435.76,0.002911
-12.5,-37.5,438.397,437.621,0.00177
-10,-37.5,439.35,445.169,0.013245
-7.5,-37.5,439.679,444.561,0.011104
-5,-37.5,439.141,439.219,0.000178
-2.5,-37.5,437.449,435.781,0.003813
0,-37.5,434.165,435.821,0.003814
2.5,-37.5,428.917,433.989,0.011825
5,-37.5,421.499,419.577,0.00456
7.5,-37.5,411.844,415.331,0.008467
10,-37.5,400.062,394.748,0.013283
12.5,-37.5,386.427,382.443,0.01031
15,-37.5,371.543,375.236,0.00994
17.5,-37.5,356.337,359.178,0.007973
20,-37.5,341.742,337.224,0.01322
22.5,-37.5,328.261,330.405,0.006531
25,-37.5,316.269,319.956,0.011658
27.5,-37.5,305.978,304.347,0.00533
30,-37.5,297.293,302.542,0.017656
32.5,-37.5,290.264,288.574,0.005822
35,-37.5,284.644,280.494,0.01458
37.5,-37.5,280.038,277.975,0.007367
40,-37.5,276.207,278.98,0.01004
42.5,-37.5,272.949,268.621,0.015856
-41.25,-38.75,411.168,414.236,0.007462
-38.75,-38.75,416.14,410.872,0.012659
-36.25,-38.75,420.13,427.852,0.01838
-33.75,-38.75,423.34,421.019,0.005483
-31.25,-38.75,426.021,422.433,0.008422
-28.75,-38.75,428.424,436.083,0.017877
-26.25,-38.75,430.633,428.802,0.004252
-23.75,-38.75,432.767,435.811,0.007034
-21.25,-38.75,434.839,436.443,0.003689
-18.75,-38.75,436.907,442.118,0.011927
-16.25,-38.75,438.893,431.412,0.017045
-13.75,-38.75,440.736,443.191,0.00557
-11.25,-38.75,442.292,446.018,0.008424
-8.75,-38.75,443.348,438.272,0.011449
-6.25,-38.75,443.646,442.851,0.001792
-3.75,-38.75,442.88,449.381,0.014679
-1.25,-38.75,440.632,445.35,0.010707
1.25,-38.75,436.565,432.159,0.010092
3.75,-38.75,430.376,424.928,0.012659
6.25,-38.75,421.917,429.279,0.017449
8.75,-38.75,411.237,403.316,0.019261
11.25,-38.75,398.51,397.723,0.001975
13.75,-38.75,384.149,385.77,0.00422
16.25,-38.75,368.852,365.442,0.009245
18.75,-38.75,353.526,355.065,0.004353
21.25,-38.75,339.035,342.223,0.009403
23.75,-38.75,325.942,329.911,0.012177
26.25,-38.75,314.509,311.417,0.009831
28.75,-38.75,304.818,299.529,0.017351
31.25,-38.75,297.017,301.488,0.015053
33.75,-38.75,290.788,295.098,0.014822
36.25,-38.75,285.841,291.751,0.020676
38.75,-38.75,281.772,286.563,0.017003
-37.5,-40,417.58,411.667,0.01416
-35,-40,421.364,424.515,0.007478
-32.5,-40,424.536,424.499,8.7e-05
-30,-40,427.339,435.157,0.018295
-27.5,-40,429.894,423.562,0.014729
-25,-40,432.338,432.497,0.000368
-22.5,-40,434.711,428.824,0.013542
-20,-40,437.101,444.479,0.016879
-17.5,-40,439.439,438.388,0.002392
-15,-40,441.716,437.932,0.008567
-12.5,-40,443.754,444.652,0.002024
-10,-40,445.411,446.647,0.002775
-7.5,-40,446.465,450.195,0.008355
-5,-40,446.533,443.328,0.007178
-2.5,-40,445.234,450.502,0.011832
0,-40,442.215,441.471,0.001682
2.5,-40,437.184,443.755,0.01503
5,-40,430.001,423.116,0.016012
7.5,-40,420.601,422.894,0.005452
10,-40,409.021,400.946,0.019742
12.5,-40,395.575,400.132,0.01152
15,-40,380.809,385.549,0.012447
17.5,-40,365.443,364.912,0.001453
20,-40,350.253,346.822,0.009796
22.5,-40,336.148,337.73,0.004706
25,-40,323.627,326.897,0.010104
27.5,-40,312.831,310.122,0.00866
30,-40,304.054,303.71,0.001131
32.5,-40,297.076,303.189,0.020577
35,-40,291.566,290.926,0.002195
-33.75,-41.25,421.337,419.153,0.005183
-31.25,-41.25,424.686,419.546,0.012103
-28.75,-41.25,427.703,431.73,0.009415
-26.25,-41.25,430.526,422.135,0.01949
-23.75,-41.25,433.272,432.806,0.001076
-21.25,-41.25,435.982,433.682,0.005275
-18.75,-41.25,438.676,443.82,0.011726
-16.25,-41.25,441.366,437.716,0.00827
-13.75,-41.25,443.851,441.194,0.005986
-11.25,-41.25,446.024,447.464,0.003229
-8.75,-41.25,447.672,450.276,0.005817
-6.25,-41.25,448.484,448.333,0.000337
-3.75,-41.25,448.055,455.921,0.017556
-1.25,-41.25,446.002,446.825,0.001845
1.25,-41.25,442.056,438.974,0.006972
3.75,-41.25,436.064,430.168,0.013521
6.25,-41.25,427.93,426.279,0.003858
8.75,-41.25,417.672,425.16,0.017928
11.25,-41.25,405.437,408.486,0.00752
13.75,-41.25,391.627,393.115,0.0038
16.25,-41.25,376.798,375.235,0.004148
18.75,-41.25,361.575,366.593,0.013878
21.25,-41.25,346.814,346.691,0.000355
23.75,-41.25,333.302,328.404,0.014695
26.25,-41.25,321.407,323.61,0.006854
28.75,-41.25,311.526,308.541,0.009582
31.25,-41.25,303.634,305.772,0.007041
-30,-42.5,423.927,417.525,0.015102
-27.5,-42.5,427.254,429.36,0.004929
-25,-42.5,430.426,420.901,0.022129
-22.5,-42.5,433.53,428.62,0.011326
-20,-42.5,436.595,437.205,0.001397
-17.5,-42.5,439.655,436.216,0.007822
-15,-42.5,442.584,444.37,0.004035
-12.5,-42.5,445.251,443.194,0.00462
-10,-42.5,447.417,443.674,0.008366
-7.5,-42.5,448.858,448.184,0.001502
-5,-42.5,449.18,449.421,0.000537
-2.5,-42.5,447.997,445.367,0.005871
0,-42.5,445.07,435.732,0.020981
2.5,-42.5,440.191,439.541,0.001477
5,-42.5,433.284,430.652,0.006075
7.5,-42.5,424.314,430.827,0.015349
10,-42.5,413.4,408.858,0.010987
12.5,-42.5,400.844,401.332,0.001217
15,-42.5,387.023,392.46,0.014048
17.5,-42.5,372.367,366.885,0.014722
20,-42.5,357.57,355.673,0.005305
22.5,-42.5,343.396,342.653,0.002164
25,-42.5,330.544,334.328,0.011448
27.5,-42.5,319.607,320.429,0.002572
-26.25,-43.75,426.099,425.032,0.002504
-23.75,-43.75,429.661,435.867,0.014444
-21.25,-43.75,433.161,430.33,0.006536
-18.75,-43.75,436.61,441.69,0.011635
-16.25,-43.75,439.947,441.47,0.003462
-13.75,-43.75,443.06,442.16,0.002031
-11.25,-43.75,445.749,436.666,0.020377
-8.75,-43.75,447.76,448.237,0.001065
-6.25,-43.75,448.718,443.058,0.012614
-3.75,-43.75,448.335,450.6,0.005052
-1.25,-43.75,446.296,443.896,0.005378
1.25,-43.75,442.44,435.956,0.014655
3.75,-43.75,436.69,434.501,0.005013
6.25,-43.75,428.986,431.775,0.006501
8.75,-43.75,419.405,417.554,0.004413
11.25,-43.75,408.187,411.388,0.007842
13.75,-43.75,395.61,394.152,0.003685
16.25,-43.75,381.989,381.106,0.002312
18.75,-43.75,367.791,367.217,0.001561
21.25,-43.75,353.599,356.315,0.007681
23.75,-43.75,340.11,343.047,0.008635
-22.5,-45,428.291,432.991,0.010974
-20,-45,432.195,427.525,0.010805
-17.5,-45,435.949,431.764,0.0096
-15,-45,439.488,444.348,0.011058
-12.5,-45,442.663,447.511,0.010952
-10,-45,445.199,448.937,0.008396
-7.5,-45,446.766,445.176,0.003559
-5,-45,447.078,446.587,0.001098
-2.5,-45,445.848,447.018,0.002624
0,-45,442.921,437.283,0.012729
2.5,-45,438.223,444.248,0.013749
5,-45,431.695,435.349,0.008464
7.5,-45,423.426,419.064,0.010302
10,-45,413.572,420.648,0.017109
12.5,-45,402.361,400.858,0.003735
15,-45,389.984,386.338,0.009349
17.5,-45,376.799,371.618,0.01375
20,-45,363.249,366.071,0.007769
-18.75,-46.25,430.567,436.788,0.014448
-16.25,-46.25,434.547,424.349,0.023468
-13.75,-46.25,438.173,432.039,0.013999
-11.25,-46.25,441.219,440.61,0.00138
-8.75,-46.25,443.355,447.626,0.009633
-6.25,-46.25,444.279,445.38,0.002478
-3.75,-46.25,443.775,448.295,0.010185
-1.25,-46.25,441.723,439.636,0.004725
1.25,-46.25,437.978,444.734,0.015425
3.75,-46.25,432.548,428.564,0.009211
6.25,-46.25,425.486,420.931,0.010705
8.75,-46.25,416.953,416.146,0.001935
11.25,-46.25,407.132,405.16,0.004844
13.75,-46.25,396.138,405.763,0.024297
16.25,-46.25,384.236,385.841,0.004177
-15,-47.5,432.309,434.622,0.00535
-12.5,-47.5,435.831,443.593,0.01781
-10,-47.5,438.497,443.777,0.012041
-7.5,-47.5,440.006,438.329,0.003811
-5,-47.5,440.166,444.47,0.009778
-2.5,-47.5,438.859,435.704,0.007189
0,-47.5,436.025,431.242,0.01097
2.5,-47.5,431.614,428.669,0.006823
5,-47.5,425.671,423.972,0.003991
7.5,-47.5,418.378,422.647,0.010204
10,-47.5,409.894,404.768,0.012506
12.5,-47.5,400.309,399.504,0.002011
-11.25,-48.75,432.215,437.585,0.012424
-8.75,-48.75,434.286,434.259,6.2e-05
-6.25,-48.75,435.065,425.536,0.021902
-3.75,-48.75,434.445,433.868,0.001328
-1.25,-48.75,432.41,439.272,0.015869
1.25,-48.75,428.927,426.591,0.005446
3.75,-48.75,424.031,428.092,0.009577
6.25,-48.75,417.912,414.13,0.00905
8.75,-48.75,410.698,414.775,0.009927
-7.5,-50,428.504,430.743,0.005225
-5,-50,428.537,437.146,0.020089
-2.5,-50,427.221,428.472,0.002928
0,-50,424.555,421.817,0.006449
2.5,-50,420.634,419.502,0.002691
5,-50,415.593,418.048,0.005907
-3.75,-51.25,420.518,413.992,0.015519
-1.25,-51.25,418.603,419.322,0.001718
1.25,-51.25,415.547,406.651,0.021408
